pundit,season,division,date,home_club,away_club,pred_home_goals,pred_away_goals
lawrenson,2017,E0,2017-08-11,arsenal,leicester,2,1
lawrenson,2017,E0,2017-08-12,brighton,man_city,0,2
lawrenson,2017,E0,2017-08-12,chelsea,burnley,2,0
lawrenson,2017,E0,2017-08-12,crystal_palace,huddersfield,1,1
lawrenson,2017,E0,2017-08-12,everton,stoke,2,0
lawrenson,2017,E0,2017-08-12,southampton,swansea,2,1
lawrenson,2017,E0,2017-08-12,watford,liverpool,1,1
lawrenson,2017,E0,2017-08-12,west_brom,bournemouth,1,2
lawrenson,2017,E0,2017-08-13,man_united,west_ham,2,0
lawrenson,2017,E0,2017-08-13,newcastle,tottenham,0,2
lawrenson,2017,E0,2017-08-19,bournemouth,watford,2,1
lawrenson,2017,E0,2017-08-19,burnley,west_brom,1,1
lawrenson,2017,E0,2017-08-19,leicester,brighton,2,0
lawrenson,2017,E0,2017-08-19,liverpool,crystal_palace,2,0
lawrenson,2017,E0,2017-08-19,southampton,west_ham,2,1
lawrenson,2017,E0,2017-08-19,stoke,arsenal,0,2
lawrenson,2017,E0,2017-08-19,swansea,man_united,0,2
lawrenson,2017,E0,2017-08-20,huddersfield,newcastle,1,1
lawrenson,2017,E0,2017-08-20,tottenham,chelsea,2,0
lawrenson,2017,E0,2017-08-21,man_city,everton,2,0
lawrenson,2017,E0,2017-08-26,bournemouth,man_city,0,2
lawrenson,2017,E0,2017-08-26,crystal_palace,swansea,2,1
lawrenson,2017,E0,2017-08-26,huddersfield,southampton,1,1
lawrenson,2017,E0,2017-08-26,man_united,leicester,3,1
lawrenson,2017,E0,2017-08-26,newcastle,west_ham,1,1
lawrenson,2017,E0,2017-08-26,watford,brighton,2,1
lawrenson,2017,E0,2017-08-27,chelsea,everton,2,0
lawrenson,2017,E0,2017-08-27,liverpool,arsenal,1,1
lawrenson,2017,E0,2017-08-27,tottenham,burnley,2,0
lawrenson,2017,E0,2017-08-27,west_brom,stoke,1,1
lawrenson,2017,E0,2017-09-09,arsenal,bournemouth,2,0
lawrenson,2017,E0,2017-09-09,brighton,west_brom,1,1
lawrenson,2017,E0,2017-09-09,everton,tottenham,0,2
lawrenson,2017,E0,2017-09-09,leicester,chelsea,1,1
lawrenson,2017,E0,2017-09-09,man_city,liverpool,1,1
lawrenson,2017,E0,2017-09-09,southampton,watford,2,0
lawrenson,2017,E0,2017-09-09,stoke,man_united,0,2
lawrenson,2017,E0,2017-09-10,burnley,crystal_palace,2,1
lawrenson,2017,E0,2017-09-10,swansea,newcastle,2,0
lawrenson,2017,E0,2017-09-11,west_ham,huddersfield,2,1
lawrenson,2017,E0,2017-09-15,bournemouth,brighton,2,0
lawrenson,2017,E0,2017-09-16,crystal_palace,southampton,2,1
lawrenson,2017,E0,2017-09-16,huddersfield,leicester,0,2
lawrenson,2017,E0,2017-09-16,liverpool,burnley,2,0
lawrenson,2017,E0,2017-09-16,newcastle,stoke,1,1
lawrenson,2017,E0,2017-09-16,tottenham,swansea,2,0
lawrenson,2017,E0,2017-09-16,watford,man_city,0,3
lawrenson,2017,E0,2017-09-16,west_brom,west_ham,1,1
lawrenson,2017,E0,2017-09-17,chelsea,arsenal,2,0
lawrenson,2017,E0,2017-09-17,man_united,everton,2,0
lawrenson,2017,E0,2017-09-23,burnley,huddersfield,2,1
lawrenson,2017,E0,2017-09-23,everton,bournemouth,2,2
lawrenson,2017,E0,2017-09-23,leicester,liverpool,1,2
lawrenson,2017,E0,2017-09-23,man_city,crystal_palace,3,0
lawrenson,2017,E0,2017-09-23,southampton,man_united,0,2
lawrenson,2017,E0,2017-09-23,stoke,chelsea,1,1
lawrenson,2017,E0,2017-09-23,swansea,watford,2,1
lawrenson,2017,E0,2017-09-23,west_ham,tottenham,1,1
lawrenson,2017,E0,2017-09-24,brighton,newcastle,2,1
lawrenson,2017,E0,2017-09-25,arsenal,west_brom,2,0
lawrenson,2017,E0,2017-09-30,bournemouth,leicester,2,1
lawrenson,2017,E0,2017-09-30,chelsea,man_city,1,1
lawrenson,2017,E0,2017-09-30,huddersfield,tottenham,0,2
lawrenson,2017,E0,2017-09-30,man_united,crystal_palace,3,0
lawrenson,2017,E0,2017-09-30,stoke,southampton,2,1
lawrenson,2017,E0,2017-09-30,west_brom,watford,1,0
lawrenson,2017,E0,2017-09-30,west_ham,swansea,2,0
lawrenson,2017,E0,2017-10-01,arsenal,brighton,2,0
lawrenson,2017,E0,2017-10-01,everton,burnley,2,1
lawrenson,2017,E0,2017-10-01,newcastle,liverpool,0,2
lawrenson,2017,E0,2017-10-14,burnley,west_ham,1,1
lawrenson,2017,E0,2017-10-14,crystal_palace,chelsea,0,2
lawrenson,2017,E0,2017-10-14,liverpool,man_united,1,1
lawrenson,2017,E0,2017-10-14,man_city,stoke,3,0
lawrenson,2017,E0,2017-10-14,swansea,huddersfield,2,0
lawrenson,2017,E0,2017-10-14,tottenham,bournemouth,2,0
lawrenson,2017,E0,2017-10-14,watford,arsenal,0,2
lawrenson,2017,E0,2017-10-15,brighton,everton,1,1
lawrenson,2017,E0,2017-10-15,southampton,newcastle,2,1
lawrenson,2017,E0,2017-10-16,leicester,west_brom,2,0
lawrenson,2017,E0,2017-10-20,west_ham,brighton,2,0
lawrenson,2017,E0,2017-10-21,chelsea,watford,2,0
lawrenson,2017,E0,2017-10-21,huddersfield,man_united,0,2
lawrenson,2017,E0,2017-10-21,man_city,burnley,3,0
lawrenson,2017,E0,2017-10-21,newcastle,crystal_palace,2,1
lawrenson,2017,E0,2017-10-21,southampton,west_brom,2,1
lawrenson,2017,E0,2017-10-21,stoke,bournemouth,1,1
lawrenson,2017,E0,2017-10-21,swansea,leicester,2,1
lawrenson,2017,E0,2017-10-22,everton,arsenal,1,1
lawrenson,2017,E0,2017-10-22,tottenham,liverpool,1,1
lawrenson,2017,E0,2017-10-28,arsenal,swansea,3,0
lawrenson,2017,E0,2017-10-28,bournemouth,chelsea,0,2
lawrenson,2017,E0,2017-10-28,crystal_palace,west_ham,1,1
lawrenson,2017,E0,2017-10-28,liverpool,huddersfield,2,0
lawrenson,2017,E0,2017-10-28,man_united,tottenham,1,1
lawrenson,2017,E0,2017-10-28,watford,stoke,1,1
lawrenson,2017,E0,2017-10-28,west_brom,man_city,0,2
lawrenson,2017,E0,2017-10-29,brighton,southampton,1,1
lawrenson,2017,E0,2017-10-29,leicester,everton,2,0
lawrenson,2017,E0,2017-10-30,burnley,newcastle,1,2
lawrenson,2017,E0,2017-11-04,huddersfield,west_brom,0,2
lawrenson,2017,E0,2017-11-04,newcastle,bournemouth,1,1
lawrenson,2017,E0,2017-11-04,southampton,burnley,2,1
lawrenson,2017,E0,2017-11-04,stoke,leicester,1,1
lawrenson,2017,E0,2017-11-04,swansea,brighton,2,1
lawrenson,2017,E0,2017-11-04,west_ham,liverpool,0,2
lawrenson,2017,E0,2017-11-05,chelsea,man_united,1,1
lawrenson,2017,E0,2017-11-05,everton,watford,2,0
lawrenson,2017,E0,2017-11-05,man_city,arsenal,2,0
lawrenson,2017,E0,2017-11-05,tottenham,crystal_palace,2,0
lawrenson,2017,E0,2017-11-18,arsenal,tottenham,1,1
lawrenson,2017,E0,2017-11-18,bournemouth,huddersfield,2,0
lawrenson,2017,E0,2017-11-18,burnley,swansea,2,0
lawrenson,2017,E0,2017-11-18,crystal_palace,everton,2,1
lawrenson,2017,E0,2017-11-18,leicester,man_city,0,2
lawrenson,2017,E0,2017-11-18,liverpool,southampton,2,0
lawrenson,2017,E0,2017-11-18,man_united,newcastle,2,0
lawrenson,2017,E0,2017-11-18,west_brom,chelsea,0,2
lawrenson,2017,E0,2017-11-19,watford,west_ham,1,1
lawrenson,2017,E0,2017-11-20,brighton,stoke,0,2
lawrenson,2017,E0,2017-11-24,west_ham,leicester,1,1
lawrenson,2017,E0,2017-11-25,crystal_palace,stoke,1,2
lawrenson,2017,E0,2017-11-25,liverpool,chelsea,2,1
lawrenson,2017,E0,2017-11-25,man_united,brighton,2,0
lawrenson,2017,E0,2017-11-25,newcastle,watford,1,1
lawrenson,2017,E0,2017-11-25,swansea,bournemouth,0,2
lawrenson,2017,E0,2017-11-25,tottenham,west_brom,2,0
lawrenson,2017,E0,2017-11-26,burnley,arsenal,1,1
lawrenson,2017,E0,2017-11-26,huddersfield,man_city,0,2
lawrenson,2017,E0,2017-11-26,southampton,everton,2,0
lawrenson,2017,E0,2017-11-28,brighton,crystal_palace,1,1
lawrenson,2017,E0,2017-11-28,leicester,tottenham,0,2
lawrenson,2017,E0,2017-11-28,watford,man_united,0,2
lawrenson,2017,E0,2017-11-28,west_brom,newcastle,2,1
lawrenson,2017,E0,2017-11-29,arsenal,huddersfield,3,0
lawrenson,2017,E0,2017-11-29,bournemouth,burnley,1,1
lawrenson,2017,E0,2017-11-29,chelsea,swansea,2,0
lawrenson,2017,E0,2017-11-29,everton,west_ham,0,1
lawrenson,2017,E0,2017-11-29,man_city,southampton,2,0
lawrenson,2017,E0,2017-11-29,stoke,liverpool,1,2
lawrenson,2017,E0,2017-12-02,arsenal,man_united,1,1
lawrenson,2017,E0,2017-12-02,brighton,liverpool,0,2
lawrenson,2017,E0,2017-12-02,chelsea,newcastle,2,0
lawrenson,2017,E0,2017-12-02,everton,huddersfield,2,0
lawrenson,2017,E0,2017-12-02,leicester,burnley,1,1
lawrenson,2017,E0,2017-12-02,stoke,swansea,2,0
lawrenson,2017,E0,2017-12-02,watford,tottenham,1,2
lawrenson,2017,E0,2017-12-02,west_brom,crystal_palace,2,1
lawrenson,2017,E0,2017-12-03,bournemouth,southampton,0,2
lawrenson,2017,E0,2017-12-03,man_city,west_ham,3,0
lawrenson,2017,E0,2017-12-09,burnley,watford,2,0
lawrenson,2017,E0,2017-12-09,crystal_palace,bournemouth,2,1
lawrenson,2017,E0,2017-12-09,huddersfield,brighton,1,1
lawrenson,2017,E0,2017-12-09,newcastle,leicester,2,1
lawrenson,2017,E0,2017-12-09,swansea,west_brom,1,1
lawrenson,2017,E0,2017-12-09,tottenham,stoke,2,0
lawrenson,2017,E0,2017-12-09,west_ham,chelsea,1,1
lawrenson,2017,E0,2017-12-10,liverpool,everton,2,0
lawrenson,2017,E0,2017-12-10,man_united,man_city,2,1
lawrenson,2017,E0,2017-12-10,southampton,arsenal,1,1
lawrenson,2017,E0,2017-12-12,burnley,stoke,2,0
lawrenson,2017,E0,2017-12-12,crystal_palace,watford,2,1
lawrenson,2017,E0,2017-12-12,huddersfield,chelsea,0,2
lawrenson,2017,E0,2017-12-13,liverpool,west_brom,2,0
lawrenson,2017,E0,2017-12-13,man_united,bournemouth,2,0
lawrenson,2017,E0,2017-12-13,newcastle,everton,1,1
lawrenson,2017,E0,2017-12-13,southampton,leicester,1,1
lawrenson,2017,E0,2017-12-13,swansea,man_city,0,2
lawrenson,2017,E0,2017-12-13,tottenham,brighton,2,0
lawrenson,2017,E0,2017-12-13,west_ham,arsenal,1,1
lawrenson,2017,E0,2017-12-16,arsenal,newcastle,3,0
lawrenson,2017,E0,2017-12-16,brighton,burnley,1,1
lawrenson,2017,E0,2017-12-16,chelsea,southampton,2,0
lawrenson,2017,E0,2017-12-16,leicester,crystal_palace,2,0
lawrenson,2017,E0,2017-12-16,man_city,tottenham,1,1
lawrenson,2017,E0,2017-12-16,stoke,west_ham,1,1
lawrenson,2017,E0,2017-12-16,watford,huddersfield,2,0
lawrenson,2017,E0,2017-12-17,bournemouth,liverpool,0,2
lawrenson,2017,E0,2017-12-17,west_brom,man_united,0,2
lawrenson,2017,E0,2017-12-18,everton,swansea,2,0
lawrenson,2017,E0,2017-12-22,arsenal,liverpool,2,2
lawrenson,2017,E0,2017-12-23,brighton,watford,2,0
lawrenson,2017,E0,2017-12-23,burnley,tottenham,0,2
lawrenson,2017,E0,2017-12-23,everton,chelsea,0,2
lawrenson,2017,E0,2017-12-23,leicester,man_united,0,2
lawrenson,2017,E0,2017-12-23,man_city,bournemouth,3,0
lawrenson,2017,E0,2017-12-23,southampton,huddersfield,1,1
lawrenson,2017,E0,2017-12-23,stoke,west_brom,1,1
lawrenson,2017,E0,2017-12-23,swansea,crystal_palace,1,2
lawrenson,2017,E0,2017-12-23,west_ham,newcastle,2,0
lawrenson,2017,E0,2017-12-26,bournemouth,west_ham,1,1
lawrenson,2017,E0,2017-12-26,chelsea,brighton,2,0
lawrenson,2017,E0,2017-12-26,huddersfield,stoke,1,1
lawrenson,2017,E0,2017-12-26,liverpool,swansea,3,0
lawrenson,2017,E0,2017-12-26,man_united,burnley,2,0
lawrenson,2017,E0,2017-12-26,tottenham,southampton,2,0
lawrenson,2017,E0,2017-12-26,watford,leicester,1,2
lawrenson,2017,E0,2017-12-26,west_brom,everton,1,0
lawrenson,2017,E0,2017-12-27,newcastle,man_city,0,2
lawrenson,2017,E0,2017-12-28,crystal_palace,arsenal,1,1
lawrenson,2017,E0,2017-12-30,bournemouth,everton,2,0
lawrenson,2017,E0,2017-12-30,chelsea,stoke,3,0
lawrenson,2017,E0,2017-12-30,huddersfield,burnley,1,0
lawrenson,2017,E0,2017-12-30,liverpool,leicester,2,0
lawrenson,2017,E0,2017-12-30,man_united,southampton,2,0
lawrenson,2017,E0,2017-12-30,newcastle,brighton,1,1
lawrenson,2017,E0,2017-12-30,watford,swansea,2,0
lawrenson,2017,E0,2017-12-31,crystal_palace,man_city,0,3
lawrenson,2017,E0,2017-12-31,west_brom,arsenal,2,1
lawrenson,2017,E0,2018-01-01,brighton,bournemouth,1,1
lawrenson,2017,E0,2018-01-01,burnley,liverpool,0,2
lawrenson,2017,E0,2018-01-01,everton,man_united,0,2
lawrenson,2017,E0,2018-01-01,leicester,huddersfield,2,0
lawrenson,2017,E0,2018-01-01,stoke,newcastle,2,1
lawrenson,2017,E0,2018-01-02,man_city,watford,4,0
lawrenson,2017,E0,2018-01-02,southampton,crystal_palace,1,0
lawrenson,2017,E0,2018-01-02,swansea,tottenham,0,3
lawrenson,2017,E0,2018-01-02,west_ham,west_brom,1,1
lawrenson,2017,E0,2018-01-03,arsenal,chelsea,2,1
lawrenson,2017,E0,2018-01-04,tottenham,west_ham,0,0
lawrenson,2017,E0,2018-01-13,chelsea,leicester,2,0
lawrenson,2017,E0,2018-01-13,crystal_palace,burnley,1,2
lawrenson,2017,E0,2018-01-13,huddersfield,west_ham,1,1
lawrenson,2017,E0,2018-01-13,newcastle,swansea,2,0
lawrenson,2017,E0,2018-01-13,tottenham,everton,2,0
lawrenson,2017,E0,2018-01-13,watford,southampton,1,1
lawrenson,2017,E0,2018-01-13,west_brom,brighton,1,0
lawrenson,2017,E0,2018-01-14,bournemouth,arsenal,1,1
lawrenson,2017,E0,2018-01-14,liverpool,man_city,1,1
lawrenson,2017,E0,2018-01-15,man_united,stoke,2,0
lawrenson,2017,E0,2018-01-20,arsenal,crystal_palace,2,0
lawrenson,2017,E0,2018-01-20,brighton,chelsea,1,1
lawrenson,2017,E0,2018-01-20,burnley,man_united,0,2
lawrenson,2017,E0,2018-01-20,everton,west_brom,1,1
lawrenson,2017,E0,2018-01-20,leicester,watford,2,0
lawrenson,2017,E0,2018-01-20,man_city,newcastle,3,0
lawrenson,2017,E0,2018-01-20,stoke,huddersfield,2,0
lawrenson,2017,E0,2018-01-20,west_ham,bournemouth,2,0
lawrenson,2017,E0,2018-01-21,southampton,tottenham,0,2
lawrenson,2017,E0,2018-01-22,swansea,liverpool,0,2
lawrenson,2017,E0,2018-01-30,huddersfield,liverpool,1,1
lawrenson,2017,E0,2018-01-30,swansea,arsenal,0,2
lawrenson,2017,E0,2018-01-30,west_ham,crystal_palace,1,1
lawrenson,2017,E0,2018-01-31,chelsea,bournemouth,2,0
lawrenson,2017,E0,2018-01-31,everton,leicester,0,2
lawrenson,2017,E0,2018-01-31,man_city,west_brom,3,0
lawrenson,2017,E0,2018-01-31,newcastle,burnley,1,1
lawrenson,2017,E0,2018-01-31,southampton,brighton,2,0
lawrenson,2017,E0,2018-01-31,stoke,watford,2,1
lawrenson,2017,E0,2018-01-31,tottenham,man_united,2,1
lawrenson,2017,E0,2018-02-03,arsenal,everton,2,0
lawrenson,2017,E0,2018-02-03,bournemouth,stoke,1,1
lawrenson,2017,E0,2018-02-03,brighton,west_ham,2,1
lawrenson,2017,E0,2018-02-03,burnley,man_city,0,2
lawrenson,2017,E0,2018-02-03,leicester,swansea,2,0
lawrenson,2017,E0,2018-02-03,man_united,huddersfield,2,0
lawrenson,2017,E0,2018-02-03,west_brom,southampton,2,1
lawrenson,2017,E0,2018-02-04,crystal_palace,newcastle,2,0
lawrenson,2017,E0,2018-02-04,liverpool,tottenham,1,1
lawrenson,2017,E0,2018-02-05,watford,chelsea,0,2
lawrenson,2017,E0,2018-02-10,everton,crystal_palace,2,1
lawrenson,2017,E0,2018-02-10,man_city,leicester,2,0
lawrenson,2017,E0,2018-02-10,stoke,brighton,1,1
lawrenson,2017,E0,2018-02-10,swansea,burnley,0,2
lawrenson,2017,E0,2018-02-10,tottenham,arsenal,2,0
lawrenson,2017,E0,2018-02-10,west_ham,watford,1,0
lawrenson,2017,E0,2018-02-11,huddersfield,bournemouth,1,1
lawrenson,2017,E0,2018-02-11,newcastle,man_united,0,2
lawrenson,2017,E0,2018-02-11,southampton,liverpool,1,1
lawrenson,2017,E0,2018-02-12,chelsea,west_brom,2,0
lawrenson,2017,E0,2018-02-24,bournemouth,newcastle,1,1
lawrenson,2017,E0,2018-02-24,brighton,swansea,1,1
lawrenson,2017,E0,2018-02-24,burnley,southampton,2,1
lawrenson,2017,E0,2018-02-24,leicester,stoke,2,0
lawrenson,2017,E0,2018-02-24,liverpool,west_ham,3,0
lawrenson,2017,E0,2018-02-24,watford,everton,1,1
lawrenson,2017,E0,2018-02-24,west_brom,huddersfield,2,0
lawrenson,2017,E0,2018-02-25,crystal_palace,tottenham,0,2
lawrenson,2017,E0,2018-02-25,man_united,chelsea,2,0
lawrenson,2017,E0,2018-03-01,arsenal,man_city,0,2
lawrenson,2017,E0,2018-03-03,burnley,everton,1,1
lawrenson,2017,E0,2018-03-03,leicester,bournemouth,2,0
lawrenson,2017,E0,2018-03-03,liverpool,newcastle,2,0
lawrenson,2017,E0,2018-03-03,southampton,stoke,2,0
lawrenson,2017,E0,2018-03-03,swansea,west_ham,1,1
lawrenson,2017,E0,2018-03-03,tottenham,huddersfield,2,0
lawrenson,2017,E0,2018-03-03,watford,west_brom,2,1
lawrenson,2017,E0,2018-03-04,brighton,arsenal,1,1
lawrenson,2017,E0,2018-03-04,man_city,chelsea,2,0
lawrenson,2017,E0,2018-03-05,crystal_palace,man_united,0,2
lawrenson,2017,E0,2018-03-10,chelsea,crystal_palace,2,0
lawrenson,2017,E0,2018-03-10,everton,brighton,2,0
lawrenson,2017,E0,2018-03-10,huddersfield,swansea,1,1
lawrenson,2017,E0,2018-03-10,man_united,liverpool,1,1
lawrenson,2017,E0,2018-03-10,newcastle,southampton,2,1
lawrenson,2017,E0,2018-03-10,west_brom,leicester,0,2
lawrenson,2017,E0,2018-03-10,west_ham,burnley,1,1
lawrenson,2017,E0,2018-03-11,arsenal,watford,3,0
lawrenson,2017,E0,2018-03-11,bournemouth,tottenham,0,2
lawrenson,2017,E0,2018-03-12,stoke,man_city,0,2
lawrenson,2017,E0,2018-03-17,bournemouth,west_brom,2,1
lawrenson,2017,E0,2018-03-17,huddersfield,crystal_palace,1,1
lawrenson,2017,E0,2018-03-17,liverpool,watford,2,0
lawrenson,2017,E0,2018-03-17,stoke,everton,1,1
lawrenson,2017,E0,2018-03-31,brighton,leicester,1,1
lawrenson,2017,E0,2018-03-31,crystal_palace,liverpool,1,1
lawrenson,2017,E0,2018-03-31,everton,man_city,0,2
lawrenson,2017,E0,2018-03-31,man_united,swansea,2,0
lawrenson,2017,E0,2018-03-31,newcastle,huddersfield,2,0
lawrenson,2017,E0,2018-03-31,watford,bournemouth,1,2
lawrenson,2017,E0,2018-03-31,west_brom,burnley,1,1
lawrenson,2017,E0,2018-03-31,west_ham,southampton,2,1
lawrenson,2017,E0,2018-04-01,arsenal,stoke,3,0
lawrenson,2017,E0,2018-04-01,chelsea,tottenham,2,0
lawrenson,2017,E0,2018-04-07,bournemouth,crystal_palace,2,1
lawrenson,2017,E0,2018-04-07,brighton,huddersfield,2,0
lawrenson,2017,E0,2018-04-07,everton,liverpool,1,1
lawrenson,2017,E0,2018-04-07,leicester,newcastle,2,0
lawrenson,2017,E0,2018-04-07,man_city,man_united,1,1
lawrenson,2017,E0,2018-04-07,stoke,tottenham,0,2
lawrenson,2017,E0,2018-04-07,watford,burnley,1,2
lawrenson,2017,E0,2018-04-07,west_brom,swansea,2,1
lawrenson,2017,E0,2018-04-08,arsenal,southampton,2,0
lawrenson,2017,E0,2018-04-08,chelsea,west_ham,2,0
lawrenson,2017,E0,2018-04-14,burnley,leicester,2,1
lawrenson,2017,E0,2018-04-14,crystal_palace,brighton,2,1
lawrenson,2017,E0,2018-04-14,huddersfield,watford,1,1
lawrenson,2017,E0,2018-04-14,liverpool,bournemouth,2,0
lawrenson,2017,E0,2018-04-14,southampton,chelsea,1,1
lawrenson,2017,E0,2018-04-14,swansea,everton,1,1
lawrenson,2017,E0,2018-04-14,tottenham,man_city,1,1
lawrenson,2017,E0,2018-04-15,man_united,west_brom,3,0
lawrenson,2017,E0,2018-04-15,newcastle,arsenal,1,1
lawrenson,2017,E0,2018-04-16,west_ham,stoke,2,0
lawrenson,2017,E0,2018-04-19,burnley,chelsea,1,1
lawrenson,2017,E0,2018-04-19,leicester,southampton,2,0
lawrenson,2017,E0,2018-04-21,watford,crystal_palace,1,2
lawrenson,2017,E0,2018-04-21,west_brom,liverpool,1,1
lawrenson,2017,E0,2018-04-22,arsenal,west_ham,2,0
lawrenson,2017,E0,2018-04-22,man_city,swansea,3,0
lawrenson,2017,E0,2018-04-22,stoke,burnley,1,1
lawrenson,2017,E0,2018-04-23,everton,newcastle,2,1
lawrenson,2017,E0,2018-04-28,burnley,brighton,2,0
lawrenson,2017,E0,2018-04-28,crystal_palace,leicester,1,1
lawrenson,2017,E0,2018-04-28,huddersfield,everton,1,0
lawrenson,2017,E0,2018-04-28,liverpool,stoke,2,0
lawrenson,2017,E0,2018-04-28,newcastle,west_brom,2,0
lawrenson,2017,E0,2018-04-28,southampton,bournemouth,2,1
lawrenson,2017,E0,2018-04-28,swansea,chelsea,0,2
lawrenson,2017,E0,2018-04-29,man_united,arsenal,2,0
lawrenson,2017,E0,2018-04-29,west_ham,man_city,0,2
lawrenson,2017,E0,2018-04-30,tottenham,watford,2,0
lawrenson,2017,E0,2018-05-04,brighton,man_united,0,2
lawrenson,2017,E0,2018-05-05,bournemouth,swansea,2,0
lawrenson,2017,E0,2018-05-05,everton,southampton,1,1
lawrenson,2017,E0,2018-05-05,leicester,west_ham,2,1
lawrenson,2017,E0,2018-05-05,stoke,crystal_palace,2,0
lawrenson,2017,E0,2018-05-05,watford,newcastle,2,0
lawrenson,2017,E0,2018-05-05,west_brom,tottenham,0,2
lawrenson,2017,E0,2018-05-06,arsenal,burnley,2,0
lawrenson,2017,E0,2018-05-06,chelsea,liverpool,1,1
lawrenson,2017,E0,2018-05-06,man_city,huddersfield,4,0
lawrenson,2017,E0,2018-05-08,swansea,southampton,1,1
lawrenson,2017,E0,2018-05-09,chelsea,huddersfield,2,0
lawrenson,2017,E0,2018-05-09,leicester,arsenal,1,1
lawrenson,2017,E0,2018-05-09,man_city,brighton,3,0
lawrenson,2017,E0,2018-05-09,tottenham,newcastle,3,0
lawrenson,2017,E0,2018-05-10,west_ham,man_united,1,1
lawrenson,2017,E0,2018-05-13,burnley,bournemouth,2,1
lawrenson,2017,E0,2018-05-13,crystal_palace,west_brom,1,2
lawrenson,2017,E0,2018-05-13,huddersfield,arsenal,1,1
lawrenson,2017,E0,2018-05-13,liverpool,brighton,2,0
lawrenson,2017,E0,2018-05-13,man_united,watford,2,0
lawrenson,2017,E0,2018-05-13,newcastle,chelsea,0,2
lawrenson,2017,E0,2018-05-13,southampton,man_city,0,2
lawrenson,2017,E0,2018-05-13,swansea,stoke,2,0
lawrenson,2017,E0,2018-05-13,tottenham,leicester,2,0
lawrenson,2017,E0,2018-05-13,west_ham,everton,2,0
lawrenson,2018,E0,2018-08-10,man_united,leicester,1,0
lawrenson,2018,E0,2018-08-11,bournemouth,cardiff,1,1
lawrenson,2018,E0,2018-08-11,fulham,crystal_palace,2,1
lawrenson,2018,E0,2018-08-11,huddersfield,chelsea,0,2
lawrenson,2018,E0,2018-08-11,newcastle,tottenham,1,1
lawrenson,2018,E0,2018-08-11,watford,brighton,1,0
lawrenson,2018,E0,2018-08-11,wolves,everton,2,1
lawrenson,2018,E0,2018-08-12,arsenal,man_city,0,2
lawrenson,2018,E0,2018-08-12,liverpool,west_ham,2,0
lawrenson,2018,E0,2018-08-12,southampton,burnley,2,1
lawrenson,2018,E0,2018-08-18,cardiff,newcastle,1,1
lawrenson,2018,E0,2018-08-18,chelsea,arsenal,2,0
lawrenson,2018,E0,2018-08-18,everton,southampton,2,0
lawrenson,2018,E0,2018-08-18,leicester,wolves,2,1
lawrenson,2018,E0,2018-08-18,tottenham,fulham,2,0
lawrenson,2018,E0,2018-08-18,west_ham,bournemouth,1,1
lawrenson,2018,E0,2018-08-19,brighton,man_united,1,2
lawrenson,2018,E0,2018-08-19,burnley,watford,1,0
lawrenson,2018,E0,2018-08-19,man_city,huddersfield,3,0
lawrenson,2018,E0,2018-08-20,crystal_palace,liverpool,1,1
lawrenson,2018,E0,2018-08-25,arsenal,west_ham,2,0
lawrenson,2018,E0,2018-08-25,bournemouth,everton,2,1
lawrenson,2018,E0,2018-08-25,huddersfield,cardiff,1,1
lawrenson,2018,E0,2018-08-25,liverpool,brighton,3,0
lawrenson,2018,E0,2018-08-25,southampton,leicester,2,1
lawrenson,2018,E0,2018-08-25,wolves,man_city,0,3
lawrenson,2018,E0,2018-08-26,fulham,burnley,1,1
lawrenson,2018,E0,2018-08-26,newcastle,chelsea,1,1
lawrenson,2018,E0,2018-08-26,watford,crystal_palace,1,0
lawrenson,2018,E0,2018-08-27,man_united,tottenham,2,1
lawrenson,2018,E0,2018-09-01,brighton,fulham,2,1
lawrenson,2018,E0,2018-09-01,chelsea,bournemouth,2,1
lawrenson,2018,E0,2018-09-01,crystal_palace,southampton,2,0
lawrenson,2018,E0,2018-09-01,everton,huddersfield,2,0
lawrenson,2018,E0,2018-09-01,leicester,liverpool,1,1
lawrenson,2018,E0,2018-09-01,man_city,newcastle,3,0
lawrenson,2018,E0,2018-09-01,west_ham,wolves,2,0
lawrenson,2018,E0,2018-09-02,burnley,man_united,0,2
lawrenson,2018,E0,2018-09-02,cardiff,arsenal,0,2
lawrenson,2018,E0,2018-09-02,watford,tottenham,1,2
lawrenson,2018,E0,2018-09-15,bournemouth,leicester,1,1
lawrenson,2018,E0,2018-09-15,chelsea,cardiff,3,0
lawrenson,2018,E0,2018-09-15,huddersfield,crystal_palace,1,2
lawrenson,2018,E0,2018-09-15,man_city,fulham,3,0
lawrenson,2018,E0,2018-09-15,newcastle,arsenal,2,1
lawrenson,2018,E0,2018-09-15,tottenham,liverpool,1,1
lawrenson,2018,E0,2018-09-15,watford,man_united,0,2
lawrenson,2018,E0,2018-09-16,everton,west_ham,2,1
lawrenson,2018,E0,2018-09-16,wolves,burnley,0,2
lawrenson,2018,E0,2018-09-17,southampton,brighton,1,1
lawrenson,2018,E0,2018-09-22,brighton,tottenham,1,1
lawrenson,2018,E0,2018-09-22,burnley,bournemouth,1,1
lawrenson,2018,E0,2018-09-22,cardiff,man_city,0,2
lawrenson,2018,E0,2018-09-22,crystal_palace,newcastle,2,1
lawrenson,2018,E0,2018-09-22,fulham,watford,2,1
lawrenson,2018,E0,2018-09-22,leicester,huddersfield,2,0
lawrenson,2018,E0,2018-09-22,liverpool,southampton,3,0
lawrenson,2018,E0,2018-09-22,man_united,wolves,2,0
lawrenson,2018,E0,2018-09-23,arsenal,everton,2,0
lawrenson,2018,E0,2018-09-23,west_ham,chelsea,2,1
lawrenson,2018,E0,2018-09-29,arsenal,watford,2,0
lawrenson,2018,E0,2018-09-29,chelsea,liverpool,1,1
lawrenson,2018,E0,2018-09-29,everton,fulham,2,0
lawrenson,2018,E0,2018-09-29,huddersfield,tottenham,0,2
lawrenson,2018,E0,2018-09-29,man_city,brighton,3,0
lawrenson,2018,E0,2018-09-29,newcastle,leicester,0,2
lawrenson,2018,E0,2018-09-29,west_ham,man_united,0,2
lawrenson,2018,E0,2018-09-29,wolves,southampton,2,0
lawrenson,2018,E0,2018-09-30,cardiff,burnley,1,1
lawrenson,2018,E0,2018-10-01,bournemouth,crystal_palace,2,1
lawrenson,2018,E0,2018-10-05,brighton,west_ham,2,1
lawrenson,2018,E0,2018-10-06,burnley,huddersfield,2,1
lawrenson,2018,E0,2018-10-06,crystal_palace,wolves,2,0
lawrenson,2018,E0,2018-10-06,leicester,everton,2,1
lawrenson,2018,E0,2018-10-06,man_united,newcastle,2,0
lawrenson,2018,E0,2018-10-06,tottenham,cardiff,3,0
lawrenson,2018,E0,2018-10-06,watford,bournemouth,2,1
lawrenson,2018,E0,2018-10-07,fulham,arsenal,1,1
lawrenson,2018,E0,2018-10-07,liverpool,man_city,1,1
lawrenson,2018,E0,2018-10-07,southampton,chelsea,2,1
lawrenson,2018,E0,2018-10-20,bournemouth,southampton,2,1
lawrenson,2018,E0,2018-10-20,cardiff,fulham,1,2
lawrenson,2018,E0,2018-10-20,chelsea,man_united,1,1
lawrenson,2018,E0,2018-10-20,huddersfield,liverpool,0,2
lawrenson,2018,E0,2018-10-20,man_city,burnley,3,0
lawrenson,2018,E0,2018-10-20,newcastle,brighton,2,0
lawrenson,2018,E0,2018-10-20,west_ham,tottenham,1,1
lawrenson,2018,E0,2018-10-20,wolves,watford,2,0
lawrenson,2018,E0,2018-10-21,everton,crystal_palace,2,0
lawrenson,2018,E0,2018-10-22,arsenal,leicester,2,0
lawrenson,2018,E0,2018-10-27,brighton,wolves,1,1
lawrenson,2018,E0,2018-10-27,fulham,bournemouth,2,0
lawrenson,2018,E0,2018-10-27,leicester,west_ham,2,0
lawrenson,2018,E0,2018-10-27,liverpool,cardiff,2,0
lawrenson,2018,E0,2018-10-27,southampton,newcastle,0,2
lawrenson,2018,E0,2018-10-27,watford,huddersfield,2,0
lawrenson,2018,E0,2018-10-28,burnley,chelsea,1,1
lawrenson,2018,E0,2018-10-28,crystal_palace,arsenal,1,1
lawrenson,2018,E0,2018-10-28,man_united,everton,2,0
lawrenson,2018,E0,2018-10-29,tottenham,man_city,0,2
lawrenson,2018,E0,2018-11-03,arsenal,liverpool,1,2
lawrenson,2018,E0,2018-11-03,bournemouth,man_united,0,2
lawrenson,2018,E0,2018-11-03,cardiff,leicester,0,2
lawrenson,2018,E0,2018-11-03,everton,brighton,2,0
lawrenson,2018,E0,2018-11-03,newcastle,watford,2,0
lawrenson,2018,E0,2018-11-03,west_ham,burnley,2,0
lawrenson,2018,E0,2018-11-03,wolves,tottenham,0,2
lawrenson,2018,E0,2018-11-04,chelsea,crystal_palace,2,0
lawrenson,2018,E0,2018-11-04,man_city,southampton,3,0
lawrenson,2018,E0,2018-11-05,huddersfield,fulham,2,1
lawrenson,2018,E0,2018-11-10,cardiff,brighton,1,0
lawrenson,2018,E0,2018-11-10,crystal_palace,tottenham,1,1
lawrenson,2018,E0,2018-11-10,huddersfield,west_ham,1,1
lawrenson,2018,E0,2018-11-10,leicester,burnley,2,1
lawrenson,2018,E0,2018-11-10,newcastle,bournemouth,2,0
lawrenson,2018,E0,2018-11-10,southampton,watford,2,0
lawrenson,2018,E0,2018-11-11,arsenal,wolves,2,0
lawrenson,2018,E0,2018-11-11,chelsea,everton,2,0
lawrenson,2018,E0,2018-11-11,liverpool,fulham,3,0
lawrenson,2018,E0,2018-11-11,man_city,man_united,1,1
lawrenson,2018,E0,2018-11-24,brighton,leicester,1,2
lawrenson,2018,E0,2018-11-24,everton,cardiff,2,0
lawrenson,2018,E0,2018-11-24,fulham,southampton,2,1
lawrenson,2018,E0,2018-11-24,man_united,crystal_palace,2,0
lawrenson,2018,E0,2018-11-24,tottenham,chelsea,2,0
lawrenson,2018,E0,2018-11-24,watford,liverpool,1,1
lawrenson,2018,E0,2018-11-24,west_ham,man_city,0,2
lawrenson,2018,E0,2018-11-25,bournemouth,arsenal,2,1
lawrenson,2018,E0,2018-11-25,wolves,huddersfield,2,0
lawrenson,2018,E0,2018-11-26,burnley,newcastle,1,1
lawrenson,2018,E0,2018-11-30,cardiff,wolves,1,1
lawrenson,2018,E0,2018-12-01,crystal_palace,burnley,1,0
lawrenson,2018,E0,2018-12-01,huddersfield,brighton,1,0
lawrenson,2018,E0,2018-12-01,leicester,watford,2,0
lawrenson,2018,E0,2018-12-01,man_city,bournemouth,3,0
lawrenson,2018,E0,2018-12-01,newcastle,west_ham,2,0
lawrenson,2018,E0,2018-12-01,southampton,man_united,0,2
lawrenson,2018,E0,2018-12-02,arsenal,tottenham,1,2
lawrenson,2018,E0,2018-12-02,chelsea,fulham,2,0
lawrenson,2018,E0,2018-12-02,liverpool,everton,2,0
lawrenson,2018,E0,2018-12-04,bournemouth,huddersfield,2,0
lawrenson,2018,E0,2018-12-04,brighton,crystal_palace,1,1
lawrenson,2018,E0,2018-12-04,watford,man_city,0,2
lawrenson,2018,E0,2018-12-04,west_ham,cardiff,2,0
lawrenson,2018,E0,2018-12-05,burnley,liverpool,0,2
lawrenson,2018,E0,2018-12-05,everton,newcastle,2,0
lawrenson,2018,E0,2018-12-05,fulham,leicester,1,1
lawrenson,2018,E0,2018-12-05,man_united,arsenal,2,1
lawrenson,2018,E0,2018-12-05,tottenham,southampton,3,0
lawrenson,2018,E0,2018-12-05,wolves,chelsea,1,2
lawrenson,2018,E0,2018-12-08,arsenal,huddersfield,3,0
lawrenson,2018,E0,2018-12-08,bournemouth,liverpool,0,2
lawrenson,2018,E0,2018-12-08,burnley,brighton,2,0
lawrenson,2018,E0,2018-12-08,cardiff,southampton,2,1
lawrenson,2018,E0,2018-12-08,chelsea,man_city,0,2
lawrenson,2018,E0,2018-12-08,leicester,tottenham,0,2
lawrenson,2018,E0,2018-12-08,man_united,fulham,2,0
lawrenson,2018,E0,2018-12-08,west_ham,crystal_palace,2,0
lawrenson,2018,E0,2018-12-09,newcastle,wolves,1,1
lawrenson,2018,E0,2018-12-10,everton,watford,2,0
lawrenson,2018,E0,2018-12-15,crystal_palace,leicester,1,1
lawrenson,2018,E0,2018-12-15,fulham,west_ham,2,1
lawrenson,2018,E0,2018-12-15,huddersfield,newcastle,0,2
lawrenson,2018,E0,2018-12-15,man_city,everton,2,0
lawrenson,2018,E0,2018-12-15,tottenham,burnley,2,0
lawrenson,2018,E0,2018-12-15,watford,cardiff,2,0
lawrenson,2018,E0,2018-12-15,wolves,bournemouth,2,1
lawrenson,2018,E0,2018-12-16,brighton,chelsea,0,2
lawrenson,2018,E0,2018-12-16,liverpool,man_united,1,1
lawrenson,2018,E0,2018-12-16,southampton,arsenal,0,1
lawrenson,2018,E0,2018-12-21,wolves,liverpool,1,2
lawrenson,2018,E0,2018-12-22,arsenal,burnley,2,0
lawrenson,2018,E0,2018-12-22,bournemouth,brighton,2,0
lawrenson,2018,E0,2018-12-22,cardiff,man_united,0,2
lawrenson,2018,E0,2018-12-22,chelsea,leicester,2,0
lawrenson,2018,E0,2018-12-22,huddersfield,southampton,1,1
lawrenson,2018,E0,2018-12-22,man_city,crystal_palace,3,0
lawrenson,2018,E0,2018-12-22,newcastle,fulham,2,0
lawrenson,2018,E0,2018-12-22,west_ham,watford,0,2
lawrenson,2018,E0,2018-12-23,everton,tottenham,1,1
lawrenson,2018,E0,2018-12-26,brighton,arsenal,1,1
lawrenson,2018,E0,2018-12-26,burnley,everton,2,1
lawrenson,2018,E0,2018-12-26,crystal_palace,cardiff,2,0
lawrenson,2018,E0,2018-12-26,fulham,wolves,2,1
lawrenson,2018,E0,2018-12-26,leicester,man_city,0,2
lawrenson,2018,E0,2018-12-26,liverpool,newcastle,2,0
lawrenson,2018,E0,2018-12-26,man_united,huddersfield,3,0
lawrenson,2018,E0,2018-12-26,tottenham,bournemouth,2,0
lawrenson,2018,E0,2018-12-26,watford,chelsea,1,2
lawrenson,2018,E0,2018-12-27,southampton,west_ham,2,0
lawrenson,2018,E0,2018-12-29,brighton,everton,1,2
lawrenson,2018,E0,2018-12-29,fulham,huddersfield,2,0
lawrenson,2018,E0,2018-12-29,leicester,cardiff,2,0
lawrenson,2018,E0,2018-12-29,liverpool,arsenal,2,0
lawrenson,2018,E0,2018-12-29,tottenham,wolves,2,0
lawrenson,2018,E0,2018-12-29,watford,newcastle,2,1
lawrenson,2018,E0,2018-12-30,burnley,west_ham,2,0
lawrenson,2018,E0,2018-12-30,crystal_palace,chelsea,0,2
lawrenson,2018,E0,2018-12-30,man_united,bournemouth,2,0
lawrenson,2018,E0,2018-12-30,southampton,man_city,0,3
lawrenson,2018,E0,2019-01-01,arsenal,fulham,2,0
lawrenson,2018,E0,2019-01-01,cardiff,tottenham,0,2
lawrenson,2018,E0,2019-01-01,everton,leicester,2,0
lawrenson,2018,E0,2019-01-02,bournemouth,watford,1,1
lawrenson,2018,E0,2019-01-02,chelsea,southampton,2,0
lawrenson,2018,E0,2019-01-02,huddersfield,burnley,1,1
lawrenson,2018,E0,2019-01-02,newcastle,man_united,0,2
lawrenson,2018,E0,2019-01-02,west_ham,brighton,2,0
lawrenson,2018,E0,2019-01-02,wolves,crystal_palace,2,0
lawrenson,2018,E0,2019-01-03,man_city,liverpool,1,1
lawrenson,2018,E0,2019-01-12,brighton,liverpool,1,1
lawrenson,2018,E0,2019-01-12,burnley,fulham,2,0
lawrenson,2018,E0,2019-01-12,cardiff,huddersfield,2,0
lawrenson,2018,E0,2019-01-12,chelsea,newcastle,2,0
lawrenson,2018,E0,2019-01-12,crystal_palace,watford,1,2
lawrenson,2018,E0,2019-01-12,leicester,southampton,2,0
lawrenson,2018,E0,2019-01-12,west_ham,arsenal,1,2
lawrenson,2018,E0,2019-01-13,everton,bournemouth,2,1
lawrenson,2018,E0,2019-01-13,tottenham,man_united,2,1
lawrenson,2018,E0,2019-01-14,man_city,wolves,3,0
lawrenson,2018,E0,2019-01-19,arsenal,chelsea,2,1
lawrenson,2018,E0,2019-01-19,bournemouth,west_ham,2,1
lawrenson,2018,E0,2019-01-19,liverpool,crystal_palace,2,0
lawrenson,2018,E0,2019-01-19,man_united,brighton,3,0
lawrenson,2018,E0,2019-01-19,newcastle,cardiff,2,0
lawrenson,2018,E0,2019-01-19,southampton,everton,1,1
lawrenson,2018,E0,2019-01-19,watford,burnley,0,1
lawrenson,2018,E0,2019-01-19,wolves,leicester,2,0
lawrenson,2018,E0,2019-01-20,fulham,tottenham,0,2
lawrenson,2018,E0,2019-01-20,huddersfield,man_city,0,2
lawrenson,2018,E0,2019-01-29,arsenal,cardiff,2,0
lawrenson,2018,E0,2019-01-29,fulham,brighton,1,1
lawrenson,2018,E0,2019-01-29,huddersfield,everton,2,1
lawrenson,2018,E0,2019-01-29,man_united,burnley,2,0
lawrenson,2018,E0,2019-01-29,newcastle,man_city,0,2
lawrenson,2018,E0,2019-01-29,wolves,west_ham,2,0
lawrenson,2018,E0,2019-01-30,bournemouth,chelsea,1,2
lawrenson,2018,E0,2019-01-30,liverpool,leicester,2,0
lawrenson,2018,E0,2019-01-30,southampton,crystal_palace,2,1
lawrenson,2018,E0,2019-01-30,tottenham,watford,1,1
lawrenson,2018,E0,2019-02-02,brighton,watford,2,1
lawrenson,2018,E0,2019-02-02,burnley,southampton,2,0
lawrenson,2018,E0,2019-02-02,cardiff,bournemouth,0,2
lawrenson,2018,E0,2019-02-02,chelsea,huddersfield,2,0
lawrenson,2018,E0,2019-02-02,crystal_palace,fulham,1,1
lawrenson,2018,E0,2019-02-02,everton,wolves,2,1
lawrenson,2018,E0,2019-02-02,tottenham,newcastle,1,1
lawrenson,2018,E0,2019-02-03,leicester,man_united,2,1
lawrenson,2018,E0,2019-02-03,man_city,arsenal,2,0
lawrenson,2018,E0,2019-02-04,west_ham,liverpool,0,2
lawrenson,2018,E0,2019-02-06,everton,man_city,0,0
lawrenson,2018,E0,2019-02-09,brighton,burnley,0,1
lawrenson,2018,E0,2019-02-09,crystal_palace,west_ham,1,1
lawrenson,2018,E0,2019-02-09,fulham,man_united,0,2
lawrenson,2018,E0,2019-02-09,huddersfield,arsenal,0,2
lawrenson,2018,E0,2019-02-09,liverpool,bournemouth,3,0
lawrenson,2018,E0,2019-02-09,southampton,cardiff,2,1
lawrenson,2018,E0,2019-02-09,watford,everton,2,0
lawrenson,2018,E0,2019-02-10,man_city,chelsea,2,1
lawrenson,2018,E0,2019-02-10,tottenham,leicester,2,1
lawrenson,2018,E0,2019-02-11,wolves,newcastle,2,1
lawrenson,2018,E0,2019-02-22,cardiff,watford,1,2
lawrenson,2018,E0,2019-02-22,west_ham,fulham,2,0
lawrenson,2018,E0,2019-02-23,bournemouth,wolves,1,2
lawrenson,2018,E0,2019-02-23,burnley,tottenham,1,1
lawrenson,2018,E0,2019-02-23,leicester,crystal_palace,2,0
lawrenson,2018,E0,2019-02-23,newcastle,huddersfield,2,0
lawrenson,2018,E0,2019-02-24,arsenal,southampton,2,0
lawrenson,2018,E0,2019-02-24,man_united,liverpool,1,1
lawrenson,2018,E0,2019-02-26,cardiff,everton,1,2
lawrenson,2018,E0,2019-02-26,huddersfield,wolves,0,2
lawrenson,2018,E0,2019-02-26,leicester,brighton,2,0
lawrenson,2018,E0,2019-02-26,newcastle,burnley,1,1
lawrenson,2018,E0,2019-02-27,arsenal,bournemouth,2,0
lawrenson,2018,E0,2019-02-27,chelsea,tottenham,1,1
lawrenson,2018,E0,2019-02-27,crystal_palace,man_united,2,1
lawrenson,2018,E0,2019-02-27,liverpool,watford,2,0
lawrenson,2018,E0,2019-02-27,man_city,west_ham,3,1
lawrenson,2018,E0,2019-02-27,southampton,fulham,2,1
lawrenson,2018,E0,2019-03-02,bournemouth,man_city,0,3
lawrenson,2018,E0,2019-03-02,brighton,huddersfield,2,0
lawrenson,2018,E0,2019-03-02,burnley,crystal_palace,2,1
lawrenson,2018,E0,2019-03-02,man_united,southampton,2,0
lawrenson,2018,E0,2019-03-02,tottenham,arsenal,1,1
lawrenson,2018,E0,2019-03-02,west_ham,newcastle,0,2
lawrenson,2018,E0,2019-03-02,wolves,cardiff,2,1
lawrenson,2018,E0,2019-03-03,everton,liverpool,1,1
lawrenson,2018,E0,2019-03-03,fulham,chelsea,0,2
lawrenson,2018,E0,2019-03-03,watford,leicester,0,2
lawrenson,2018,E0,2019-03-09,cardiff,west_ham,0,2
lawrenson,2018,E0,2019-03-09,crystal_palace,brighton,1,1
lawrenson,2018,E0,2019-03-09,huddersfield,bournemouth,1,1
lawrenson,2018,E0,2019-03-09,leicester,fulham,2,0
lawrenson,2018,E0,2019-03-09,man_city,watford,3,0
lawrenson,2018,E0,2019-03-09,newcastle,everton,1,2
lawrenson,2018,E0,2019-03-09,southampton,tottenham,1,2
lawrenson,2018,E0,2019-03-10,arsenal,man_united,1,1
lawrenson,2018,E0,2019-03-10,chelsea,wolves,2,0
lawrenson,2018,E0,2019-03-10,liverpool,burnley,2,0
lawrenson,2018,E0,2019-03-16,bournemouth,newcastle,2,0
lawrenson,2018,E0,2019-03-16,burnley,leicester,1,1
lawrenson,2018,E0,2019-03-16,west_ham,huddersfield,2,0
lawrenson,2018,E0,2019-03-17,everton,chelsea,1,1
lawrenson,2018,E0,2019-03-17,fulham,liverpool,0,2
lawrenson,2018,E0,2019-03-30,brighton,southampton,2,1
lawrenson,2018,E0,2019-03-30,burnley,wolves,2,1
lawrenson,2018,E0,2019-03-30,crystal_palace,huddersfield,2,0
lawrenson,2018,E0,2019-03-30,fulham,man_city,0,3
lawrenson,2018,E0,2019-03-30,leicester,bournemouth,2,1
lawrenson,2018,E0,2019-03-30,man_united,watford,2,0
lawrenson,2018,E0,2019-03-30,west_ham,everton,1,1
lawrenson,2018,E0,2019-03-31,cardiff,chelsea,0,2
lawrenson,2018,E0,2019-03-31,liverpool,tottenham,2,1
lawrenson,2018,E0,2019-04-01,arsenal,newcastle,2,0
lawrenson,2018,E0,2019-04-02,watford,fulham,2,0
lawrenson,2018,E0,2019-04-02,wolves,man_united,0,2
lawrenson,2018,E0,2019-04-03,chelsea,brighton,2,0
lawrenson,2018,E0,2019-04-03,man_city,cardiff,4,0
lawrenson,2018,E0,2019-04-03,tottenham,crystal_palace,2,1
lawrenson,2018,E0,2019-04-05,southampton,liverpool,0,2
lawrenson,2018,E0,2019-04-06,bournemouth,burnley,1,1
lawrenson,2018,E0,2019-04-06,huddersfield,leicester,0,2
lawrenson,2018,E0,2019-04-06,newcastle,crystal_palace,2,1
lawrenson,2018,E0,2019-04-07,everton,arsenal,2,1
lawrenson,2018,E0,2019-04-08,chelsea,west_ham,2,0
lawrenson,2018,E0,2019-04-12,leicester,newcastle,2,0
lawrenson,2018,E0,2019-04-13,brighton,bournemouth,2,0
lawrenson,2018,E0,2019-04-13,burnley,cardiff,2,0
lawrenson,2018,E0,2019-04-13,fulham,everton,0,2
lawrenson,2018,E0,2019-04-13,man_united,west_ham,2,0
lawrenson,2018,E0,2019-04-13,southampton,wolves,1,0
lawrenson,2018,E0,2019-04-13,tottenham,huddersfield,3,0
lawrenson,2018,E0,2019-04-14,crystal_palace,man_city,0,3
lawrenson,2018,E0,2019-04-14,liverpool,chelsea,2,0
lawrenson,2018,E0,2019-04-15,watford,arsenal,1,2
lawrenson,2018,E0,2019-04-16,brighton,cardiff,0,0
lawrenson,2018,E0,2019-04-20,bournemouth,fulham,3,0
lawrenson,2018,E0,2019-04-20,huddersfield,watford,1,1
lawrenson,2018,E0,2019-04-20,man_city,tottenham,2,0
lawrenson,2018,E0,2019-04-20,newcastle,southampton,2,1
lawrenson,2018,E0,2019-04-20,west_ham,leicester,2,1
lawrenson,2018,E0,2019-04-20,wolves,brighton,2,0
lawrenson,2018,E0,2019-04-21,arsenal,crystal_palace,2,0
lawrenson,2018,E0,2019-04-21,cardiff,liverpool,0,2
lawrenson,2018,E0,2019-04-21,everton,man_united,0,2
lawrenson,2018,E0,2019-04-22,chelsea,burnley,2,0
lawrenson,2018,E0,2019-04-23,tottenham,brighton,2,0
lawrenson,2018,E0,2019-04-23,watford,southampton,1,1
lawrenson,2018,E0,2019-04-24,man_united,man_city,0,2
lawrenson,2018,E0,2019-04-24,wolves,arsenal,2,0
lawrenson,2018,E0,2019-04-26,liverpool,huddersfield,4,0
lawrenson,2018,E0,2019-04-27,brighton,newcastle,1,0
lawrenson,2018,E0,2019-04-27,crystal_palace,everton,1,2
lawrenson,2018,E0,2019-04-27,fulham,cardiff,2,1
lawrenson,2018,E0,2019-04-27,southampton,bournemouth,2,0
lawrenson,2018,E0,2019-04-27,tottenham,west_ham,2,1
lawrenson,2018,E0,2019-04-27,watford,wolves,0,2
lawrenson,2018,E0,2019-04-28,burnley,man_city,0,2
lawrenson,2018,E0,2019-04-28,leicester,arsenal,1,1
lawrenson,2018,E0,2019-04-28,man_united,chelsea,1,1
lawrenson,2018,E0,2019-05-03,everton,burnley,2,0
lawrenson,2018,E0,2019-05-04,bournemouth,tottenham,1,2
lawrenson,2018,E0,2019-05-04,cardiff,crystal_palace,1,1
lawrenson,2018,E0,2019-05-04,newcastle,liverpool,0,2
lawrenson,2018,E0,2019-05-04,west_ham,southampton,2,0
lawrenson,2018,E0,2019-05-04,wolves,fulham,2,0
lawrenson,2018,E0,2019-05-05,arsenal,brighton,2,0
lawrenson,2018,E0,2019-05-05,chelsea,watford,2,1
lawrenson,2018,E0,2019-05-05,huddersfield,man_united,0,2
lawrenson,2018,E0,2019-05-06,man_city,leicester,2,0
lawrenson,2018,E0,2019-05-12,brighton,man_city,0,3
lawrenson,2018,E0,2019-05-12,burnley,arsenal,1,1
lawrenson,2018,E0,2019-05-12,crystal_palace,bournemouth,2,1
lawrenson,2018,E0,2019-05-12,fulham,newcastle,1,2
lawrenson,2018,E0,2019-05-12,leicester,chelsea,2,0
lawrenson,2018,E0,2019-05-12,liverpool,wolves,2,0
lawrenson,2018,E0,2019-05-12,man_united,cardiff,2,0
lawrenson,2018,E0,2019-05-12,southampton,huddersfield,2,0
lawrenson,2018,E0,2019-05-12,tottenham,everton,2,1
lawrenson,2018,E0,2019-05-12,watford,west_ham,1,1
lawrenson,2019,E0,2019-08-09,liverpool,norwich,2,0
lawrenson,2019,E0,2019-08-10,bournemouth,sheffield_united,1,1
lawrenson,2019,E0,2019-08-10,burnley,southampton,2,1
lawrenson,2019,E0,2019-08-10,crystal_palace,everton,1,1
lawrenson,2019,E0,2019-08-10,tottenham,aston_villa,2,0
lawrenson,2019,E0,2019-08-10,watford,brighton,2,0
lawrenson,2019,E0,2019-08-10,west_ham,man_city,1,2
lawrenson,2019,E0,2019-08-11,leicester,wolves,2,1
lawrenson,2019,E0,2019-08-11,man_united,chelsea,1,1
lawrenson,2019,E0,2019-08-11,newcastle,arsenal,0,2
lawrenson,2019,E0,2019-08-17,arsenal,burnley,2,0
lawrenson,2019,E0,2019-08-17,aston_villa,bournemouth,2,1
lawrenson,2019,E0,2019-08-17,brighton,west_ham,1,1
lawrenson,2019,E0,2019-08-17,everton,watford,2,0
lawrenson,2019,E0,2019-08-17,man_city,tottenham,2,1
lawrenson,2019,E0,2019-08-17,norwich,newcastle,1,2
lawrenson,2019,E0,2019-08-17,southampton,liverpool,0,2
lawrenson,2019,E0,2019-08-18,chelsea,leicester,2,1
lawrenson,2019,E0,2019-08-18,sheffield_united,crystal_palace,2,1
lawrenson,2019,E0,2019-08-19,wolves,man_united,1,1
lawrenson,2019,E0,2019-08-23,aston_villa,everton,1,1
lawrenson,2019,E0,2019-08-24,brighton,southampton,0,2
lawrenson,2019,E0,2019-08-24,liverpool,arsenal,2,1
lawrenson,2019,E0,2019-08-24,man_united,crystal_palace,2,0
lawrenson,2019,E0,2019-08-24,norwich,chelsea,1,2
lawrenson,2019,E0,2019-08-24,sheffield_united,leicester,0,1
lawrenson,2019,E0,2019-08-24,watford,west_ham,2,1
lawrenson,2019,E0,2019-08-25,bournemouth,man_city,0,3
lawrenson,2019,E0,2019-08-25,tottenham,newcastle,2,0
lawrenson,2019,E0,2019-08-25,wolves,burnley,2,1
lawrenson,2019,E0,2019-08-31,burnley,liverpool,1,1
lawrenson,2019,E0,2019-08-31,chelsea,sheffield_united,2,0
lawrenson,2019,E0,2019-08-31,crystal_palace,aston_villa,1,1
lawrenson,2019,E0,2019-08-31,leicester,bournemouth,2,0
lawrenson,2019,E0,2019-08-31,man_city,brighton,3,0
lawrenson,2019,E0,2019-08-31,newcastle,watford,2,1
lawrenson,2019,E0,2019-08-31,southampton,man_united,1,2
lawrenson,2019,E0,2019-08-31,west_ham,norwich,2,0
lawrenson,2019,E0,2019-09-01,arsenal,tottenham,1,1
lawrenson,2019,E0,2019-09-01,everton,wolves,2,0
lawrenson,2019,E0,2019-09-14,brighton,burnley,1,1
lawrenson,2019,E0,2019-09-14,liverpool,newcastle,3,0
lawrenson,2019,E0,2019-09-14,man_united,leicester,2,1
lawrenson,2019,E0,2019-09-14,norwich,man_city,0,2
lawrenson,2019,E0,2019-09-14,sheffield_united,southampton,2,1
lawrenson,2019,E0,2019-09-14,tottenham,crystal_palace,2,0
lawrenson,2019,E0,2019-09-14,wolves,chelsea,1,2
lawrenson,2019,E0,2019-09-15,bournemouth,everton,2,1
lawrenson,2019,E0,2019-09-15,watford,arsenal,1,1
lawrenson,2019,E0,2019-09-16,aston_villa,west_ham,2,1
lawrenson,2019,E0,2019-09-20,southampton,bournemouth,2,1
lawrenson,2019,E0,2019-09-21,burnley,norwich,2,0
lawrenson,2019,E0,2019-09-21,everton,sheffield_united,2,0
lawrenson,2019,E0,2019-09-21,leicester,tottenham,1,1
lawrenson,2019,E0,2019-09-21,man_city,watford,3,0
lawrenson,2019,E0,2019-09-21,newcastle,brighton,2,0
lawrenson,2019,E0,2019-09-22,arsenal,aston_villa,2,0
lawrenson,2019,E0,2019-09-22,chelsea,liverpool,0,2
lawrenson,2019,E0,2019-09-22,crystal_palace,wolves,2,1
lawrenson,2019,E0,2019-09-22,west_ham,man_united,2,1
lawrenson,2019,E0,2019-09-28,aston_villa,burnley,2,1
lawrenson,2019,E0,2019-09-28,bournemouth,west_ham,2,1
lawrenson,2019,E0,2019-09-28,chelsea,brighton,2,0
lawrenson,2019,E0,2019-09-28,crystal_palace,norwich,2,1
lawrenson,2019,E0,2019-09-28,everton,man_city,0,2
lawrenson,2019,E0,2019-09-28,sheffield_united,liverpool,0,2
lawrenson,2019,E0,2019-09-28,tottenham,southampton,3,0
lawrenson,2019,E0,2019-09-28,wolves,watford,2,0
lawrenson,2019,E0,2019-09-29,leicester,newcastle,2,0
lawrenson,2019,E0,2019-09-30,man_united,arsenal,1,1
lawrenson,2019,E0,2019-10-05,brighton,tottenham,0,2
lawrenson,2019,E0,2019-10-05,burnley,everton,2,1
lawrenson,2019,E0,2019-10-05,liverpool,leicester,2,1
lawrenson,2019,E0,2019-10-05,norwich,aston_villa,1,1
lawrenson,2019,E0,2019-10-05,watford,sheffield_united,2,1
lawrenson,2019,E0,2019-10-05,west_ham,crystal_palace,2,0
lawrenson,2019,E0,2019-10-06,arsenal,bournemouth,2,0
lawrenson,2019,E0,2019-10-06,man_city,wolves,3,0
lawrenson,2019,E0,2019-10-06,newcastle,man_united,1,1
lawrenson,2019,E0,2019-10-06,southampton,chelsea,1,2
lawrenson,2019,E0,2019-10-19,aston_villa,brighton,2,0
lawrenson,2019,E0,2019-10-19,bournemouth,norwich,2,0
lawrenson,2019,E0,2019-10-19,chelsea,newcastle,2,0
lawrenson,2019,E0,2019-10-19,crystal_palace,man_city,0,3
lawrenson,2019,E0,2019-10-19,everton,west_ham,2,1
lawrenson,2019,E0,2019-10-19,leicester,burnley,2,1
lawrenson,2019,E0,2019-10-19,tottenham,watford,3,0
lawrenson,2019,E0,2019-10-19,wolves,southampton,2,0
lawrenson,2019,E0,2019-10-20,man_united,liverpool,0,1
lawrenson,2019,E0,2019-10-21,sheffield_united,arsenal,0,2
lawrenson,2019,E0,2019-10-25,southampton,leicester,1,1
lawrenson,2019,E0,2019-10-26,brighton,everton,2,1
lawrenson,2019,E0,2019-10-26,burnley,chelsea,1,1
lawrenson,2019,E0,2019-10-26,man_city,aston_villa,3,1
lawrenson,2019,E0,2019-10-26,watford,bournemouth,2,0
lawrenson,2019,E0,2019-10-26,west_ham,sheffield_united,2,0
lawrenson,2019,E0,2019-10-27,arsenal,crystal_palace,2,0
lawrenson,2019,E0,2019-10-27,liverpool,tottenham,1,1
lawrenson,2019,E0,2019-10-27,newcastle,wolves,2,1
lawrenson,2019,E0,2019-10-27,norwich,man_united,2,2
lawrenson,2019,E0,2019-11-02,arsenal,wolves,2,0
lawrenson,2019,E0,2019-11-02,aston_villa,liverpool,0,2
lawrenson,2019,E0,2019-11-02,bournemouth,man_united,1,2
lawrenson,2019,E0,2019-11-02,brighton,norwich,2,1
lawrenson,2019,E0,2019-11-02,man_city,southampton,4,0
lawrenson,2019,E0,2019-11-02,sheffield_united,burnley,1,2
lawrenson,2019,E0,2019-11-02,watford,chelsea,1,2
lawrenson,2019,E0,2019-11-02,west_ham,newcastle,2,1
lawrenson,2019,E0,2019-11-03,crystal_palace,leicester,1,1
lawrenson,2019,E0,2019-11-03,everton,tottenham,0,2
lawrenson,2019,E0,2019-11-08,norwich,watford,1,1
lawrenson,2019,E0,2019-11-09,burnley,west_ham,2,0
lawrenson,2019,E0,2019-11-09,chelsea,crystal_palace,2,0
lawrenson,2019,E0,2019-11-09,leicester,arsenal,2,1
lawrenson,2019,E0,2019-11-09,newcastle,bournemouth,0,2
lawrenson,2019,E0,2019-11-09,southampton,everton,1,1
lawrenson,2019,E0,2019-11-09,tottenham,sheffield_united,2,0
lawrenson,2019,E0,2019-11-10,liverpool,man_city,2,0
lawrenson,2019,E0,2019-11-10,man_united,brighton,2,0
lawrenson,2019,E0,2019-11-10,wolves,aston_villa,2,0
lawrenson,2019,E0,2019-11-23,arsenal,southampton,2,0
lawrenson,2019,E0,2019-11-23,bournemouth,wolves,2,1
lawrenson,2019,E0,2019-11-23,brighton,leicester,2,1
lawrenson,2019,E0,2019-11-23,crystal_palace,liverpool,0,2
lawrenson,2019,E0,2019-11-23,everton,norwich,2,0
lawrenson,2019,E0,2019-11-23,man_city,chelsea,2,0
lawrenson,2019,E0,2019-11-23,watford,burnley,2,0
lawrenson,2019,E0,2019-11-23,west_ham,tottenham,1,1
lawrenson,2019,E0,2019-11-24,sheffield_united,man_united,0,2
lawrenson,2019,E0,2019-11-25,aston_villa,newcastle,2,0
lawrenson,2019,E0,2019-11-30,burnley,crystal_palace,2,0
lawrenson,2019,E0,2019-11-30,chelsea,west_ham,2,1
lawrenson,2019,E0,2019-11-30,liverpool,brighton,3,0
lawrenson,2019,E0,2019-11-30,newcastle,man_city,0,2
lawrenson,2019,E0,2019-11-30,southampton,watford,2,1
lawrenson,2019,E0,2019-11-30,tottenham,bournemouth,2,0
lawrenson,2019,E0,2019-12-01,leicester,everton,2,0
lawrenson,2019,E0,2019-12-01,man_united,aston_villa,2,0
lawrenson,2019,E0,2019-12-01,norwich,arsenal,1,1
lawrenson,2019,E0,2019-12-01,wolves,sheffield_united,2,0
lawrenson,2019,E0,2019-12-03,burnley,man_city,0,2
lawrenson,2019,E0,2019-12-03,crystal_palace,bournemouth,1,1
lawrenson,2019,E0,2019-12-04,chelsea,aston_villa,2,0
lawrenson,2019,E0,2019-12-04,leicester,watford,2,0
lawrenson,2019,E0,2019-12-04,liverpool,everton,2,0
lawrenson,2019,E0,2019-12-04,man_united,tottenham,0,2
lawrenson,2019,E0,2019-12-04,southampton,norwich,1,1
lawrenson,2019,E0,2019-12-04,wolves,west_ham,2,0
lawrenson,2019,E0,2019-12-05,arsenal,brighton,2,0
lawrenson,2019,E0,2019-12-05,sheffield_united,newcastle,2,1
lawrenson,2019,E0,2019-12-07,bournemouth,liverpool,0,2
lawrenson,2019,E0,2019-12-07,everton,chelsea,1,1
lawrenson,2019,E0,2019-12-07,man_city,man_united,2,0
lawrenson,2019,E0,2019-12-07,tottenham,burnley,2,0
lawrenson,2019,E0,2019-12-07,watford,crystal_palace,1,1
lawrenson,2019,E0,2019-12-08,aston_villa,leicester,1,1
lawrenson,2019,E0,2019-12-08,brighton,wolves,2,1
lawrenson,2019,E0,2019-12-08,newcastle,southampton,2,1
lawrenson,2019,E0,2019-12-08,norwich,sheffield_united,1,1
lawrenson,2019,E0,2019-12-09,west_ham,arsenal,2,0
lawrenson,2019,E0,2019-12-14,burnley,newcastle,2,0
lawrenson,2019,E0,2019-12-14,chelsea,bournemouth,2,0
lawrenson,2019,E0,2019-12-14,leicester,norwich,3,0
lawrenson,2019,E0,2019-12-14,liverpool,watford,3,0
lawrenson,2019,E0,2019-12-14,sheffield_united,aston_villa,2,1
lawrenson,2019,E0,2019-12-14,southampton,west_ham,2,1
lawrenson,2019,E0,2019-12-15,arsenal,man_city,0,2
lawrenson,2019,E0,2019-12-15,man_united,everton,2,0
lawrenson,2019,E0,2019-12-15,wolves,tottenham,0,2
lawrenson,2019,E0,2019-12-16,crystal_palace,brighton,2,1
lawrenson,2019,E0,2019-12-21,aston_villa,southampton,2,0
lawrenson,2019,E0,2019-12-21,bournemouth,burnley,2,1
lawrenson,2019,E0,2019-12-21,brighton,sheffield_united,2,1
lawrenson,2019,E0,2019-12-21,everton,arsenal,1,1
lawrenson,2019,E0,2019-12-21,man_city,leicester,2,0
lawrenson,2019,E0,2019-12-21,newcastle,crystal_palace,2,0
lawrenson,2019,E0,2019-12-21,norwich,wolves,1,1
lawrenson,2019,E0,2019-12-22,tottenham,chelsea,2,0
lawrenson,2019,E0,2019-12-22,watford,man_united,2,1
lawrenson,2019,E0,2019-12-26,aston_villa,norwich,2,0
lawrenson,2019,E0,2019-12-26,bournemouth,arsenal,1,2
lawrenson,2019,E0,2019-12-26,chelsea,southampton,2,0
lawrenson,2019,E0,2019-12-26,crystal_palace,west_ham,1,2
lawrenson,2019,E0,2019-12-26,everton,burnley,2,0
lawrenson,2019,E0,2019-12-26,leicester,liverpool,0,2
lawrenson,2019,E0,2019-12-26,man_united,newcastle,2,0
lawrenson,2019,E0,2019-12-26,sheffield_united,watford,0,1
lawrenson,2019,E0,2019-12-26,tottenham,brighton,3,0
lawrenson,2019,E0,2019-12-27,wolves,man_city,0,2
lawrenson,2019,E0,2019-12-28,brighton,bournemouth,1,2
lawrenson,2019,E0,2019-12-28,burnley,man_united,0,2
lawrenson,2019,E0,2019-12-28,newcastle,everton,1,1
lawrenson,2019,E0,2019-12-28,norwich,tottenham,0,2
lawrenson,2019,E0,2019-12-28,southampton,crystal_palace,2,0
lawrenson,2019,E0,2019-12-28,watford,aston_villa,2,1
lawrenson,2019,E0,2019-12-28,west_ham,leicester,1,1
lawrenson,2019,E0,2019-12-29,arsenal,chelsea,1,1
lawrenson,2019,E0,2019-12-29,liverpool,wolves,2,0
lawrenson,2019,E0,2019-12-29,man_city,sheffield_united,3,0
lawrenson,2019,E0,2020-01-01,arsenal,man_united,2,2
lawrenson,2019,E0,2020-01-01,brighton,chelsea,0,2
lawrenson,2019,E0,2020-01-01,burnley,aston_villa,2,0
lawrenson,2019,E0,2020-01-01,man_city,everton,2,0
lawrenson,2019,E0,2020-01-01,newcastle,leicester,2,0
lawrenson,2019,E0,2020-01-01,norwich,crystal_palace,2,1
lawrenson,2019,E0,2020-01-01,southampton,tottenham,0,2
lawrenson,2019,E0,2020-01-01,watford,wolves,2,1
lawrenson,2019,E0,2020-01-01,west_ham,bournemouth,2,0
lawrenson,2019,E0,2020-01-02,liverpool,sheffield_united,3,0
lawrenson,2019,E0,2020-01-10,sheffield_united,west_ham,1,1
lawrenson,2019,E0,2020-01-11,chelsea,burnley,2,0
lawrenson,2019,E0,2020-01-11,crystal_palace,arsenal,0,2
lawrenson,2019,E0,2020-01-11,everton,brighton,2,0
lawrenson,2019,E0,2020-01-11,leicester,southampton,2,1
lawrenson,2019,E0,2020-01-11,man_united,norwich,2,0
lawrenson,2019,E0,2020-01-11,tottenham,liverpool,1,2
lawrenson,2019,E0,2020-01-11,wolves,newcastle,2,0
lawrenson,2019,E0,2020-01-12,aston_villa,man_city,0,3
lawrenson,2019,E0,2020-01-12,bournemouth,watford,2,1
lawrenson,2019,E0,2020-01-18,arsenal,sheffield_united,1,2
lawrenson,2019,E0,2020-01-18,brighton,aston_villa,2,0
lawrenson,2019,E0,2020-01-18,man_city,crystal_palace,3,0
lawrenson,2019,E0,2020-01-18,newcastle,chelsea,1,2
lawrenson,2019,E0,2020-01-18,norwich,bournemouth,2,0
lawrenson,2019,E0,2020-01-18,southampton,wolves,2,0
lawrenson,2019,E0,2020-01-18,watford,tottenham,1,1
lawrenson,2019,E0,2020-01-18,west_ham,everton,2,1
lawrenson,2019,E0,2020-01-19,burnley,leicester,2,1
lawrenson,2019,E0,2020-01-19,liverpool,man_united,2,0
lawrenson,2019,E0,2020-01-21,aston_villa,watford,2,0
lawrenson,2019,E0,2020-01-21,bournemouth,brighton,2,1
lawrenson,2019,E0,2020-01-21,chelsea,arsenal,2,0
lawrenson,2019,E0,2020-01-21,crystal_palace,southampton,2,1
lawrenson,2019,E0,2020-01-21,everton,newcastle,2,0
lawrenson,2019,E0,2020-01-21,sheffield_united,man_city,0,2
lawrenson,2019,E0,2020-01-22,leicester,west_ham,2,1
lawrenson,2019,E0,2020-01-22,man_united,burnley,1,1
lawrenson,2019,E0,2020-01-22,tottenham,norwich,2,1
lawrenson,2019,E0,2020-01-23,wolves,liverpool,1,1
lawrenson,2019,E0,2020-02-01,bournemouth,aston_villa,1,2
lawrenson,2019,E0,2020-02-01,crystal_palace,sheffield_united,1,1
lawrenson,2019,E0,2020-02-01,leicester,chelsea,2,0
lawrenson,2019,E0,2020-02-01,liverpool,southampton,3,0
lawrenson,2019,E0,2020-02-01,man_united,wolves,1,2
lawrenson,2019,E0,2020-02-01,newcastle,norwich,2,0
lawrenson,2019,E0,2020-02-01,watford,everton,1,1
lawrenson,2019,E0,2020-02-01,west_ham,brighton,1,0
lawrenson,2019,E0,2020-02-02,burnley,arsenal,2,1
lawrenson,2019,E0,2020-02-02,tottenham,man_city,0,2
lawrenson,2019,E0,2020-02-08,brighton,watford,1,2
lawrenson,2019,E0,2020-02-08,everton,crystal_palace,2,0
lawrenson,2019,E0,2020-02-09,sheffield_united,bournemouth,1,2
lawrenson,2019,E0,2020-02-14,wolves,leicester,2,1
lawrenson,2019,E0,2020-02-15,norwich,liverpool,0,2
lawrenson,2019,E0,2020-02-15,southampton,burnley,2,0
lawrenson,2019,E0,2020-02-16,arsenal,newcastle,2,0
lawrenson,2019,E0,2020-02-16,aston_villa,tottenham,0,2
lawrenson,2019,E0,2020-02-17,chelsea,man_united,2,0
lawrenson,2019,E0,2020-02-19,man_city,west_ham,3,0
lawrenson,2019,E0,2020-02-22,burnley,bournemouth,2,1
lawrenson,2019,E0,2020-02-22,chelsea,tottenham,2,0
lawrenson,2019,E0,2020-02-22,crystal_palace,newcastle,2,0
lawrenson,2019,E0,2020-02-22,leicester,man_city,0,2
lawrenson,2019,E0,2020-02-22,sheffield_united,brighton,2,0
lawrenson,2019,E0,2020-02-22,southampton,aston_villa,1,2
lawrenson,2019,E0,2020-02-23,arsenal,everton,2,0
lawrenson,2019,E0,2020-02-23,man_united,watford,2,0
lawrenson,2019,E0,2020-02-23,wolves,norwich,2,0
lawrenson,2019,E0,2020-02-24,liverpool,west_ham,2,0
lawrenson,2019,E0,2020-02-28,norwich,leicester,1,2
lawrenson,2019,E0,2020-02-29,bournemouth,chelsea,0,2
lawrenson,2019,E0,2020-02-29,brighton,crystal_palace,2,0
lawrenson,2019,E0,2020-02-29,newcastle,burnley,1,1
lawrenson,2019,E0,2020-02-29,watford,liverpool,1,2
lawrenson,2019,E0,2020-02-29,west_ham,southampton,2,0
lawrenson,2019,E0,2020-03-01,everton,man_united,2,0
lawrenson,2019,E0,2020-03-01,tottenham,wolves,1,1
lawrenson,2019,E0,2020-03-07,arsenal,west_ham,1,1
lawrenson,2019,E0,2020-03-07,burnley,tottenham,2,0
lawrenson,2019,E0,2020-03-07,crystal_palace,watford,1,0
lawrenson,2019,E0,2020-03-07,liverpool,bournemouth,3,0
lawrenson,2019,E0,2020-03-07,sheffield_united,norwich,2,0
lawrenson,2019,E0,2020-03-07,southampton,newcastle,0,1
lawrenson,2019,E0,2020-03-07,wolves,brighton,2,0
lawrenson,2019,E0,2020-03-08,chelsea,everton,2,0
lawrenson,2019,E0,2020-03-08,man_united,man_city,1,1
lawrenson,2019,E0,2020-03-09,leicester,aston_villa,2,0
lawrenson,2019,E0,2020-06-17,aston_villa,sheffield_united,0,0
lawrenson,2019,E0,2020-06-17,man_city,arsenal,0,0
lawrenson,2019,E0,2020-06-19,norwich,southampton,2,1
lawrenson,2019,E0,2020-06-19,tottenham,man_united,1,1
lawrenson,2019,E0,2020-06-20,bournemouth,crystal_palace,2,1
lawrenson,2019,E0,2020-06-20,brighton,arsenal,0,2
lawrenson,2019,E0,2020-06-20,watford,leicester,0,2
lawrenson,2019,E0,2020-06-20,west_ham,wolves,1,0
lawrenson,2019,E0,2020-06-21,aston_villa,chelsea,0,2
lawrenson,2019,E0,2020-06-21,everton,liverpool,0,1
lawrenson,2019,E0,2020-06-21,newcastle,sheffield_united,1,1
lawrenson,2019,E0,2020-06-22,man_city,burnley,3,0
lawrenson,2019,E0,2020-06-23,leicester,brighton,2,0
lawrenson,2019,E0,2020-06-23,tottenham,west_ham,2,0
lawrenson,2019,E0,2020-06-24,liverpool,crystal_palace,2,0
lawrenson,2019,E0,2020-06-24,man_united,sheffield_united,2,0
lawrenson,2019,E0,2020-06-24,newcastle,aston_villa,1,1
lawrenson,2019,E0,2020-06-24,norwich,everton,0,1
lawrenson,2019,E0,2020-06-24,wolves,bournemouth,2,0
lawrenson,2019,E0,2020-06-25,burnley,watford,2,1
lawrenson,2019,E0,2020-06-25,chelsea,man_city,1,2
lawrenson,2019,E0,2020-06-25,southampton,arsenal,2,1
lawrenson,2019,E0,2020-06-27,aston_villa,wolves,0,2
lawrenson,2019,E0,2020-06-28,watford,southampton,2,1
lawrenson,2019,E0,2020-06-29,crystal_palace,burnley,1,1
lawrenson,2019,E0,2020-06-30,brighton,man_united,0,2
lawrenson,2019,E0,2020-07-01,arsenal,norwich,2,0
lawrenson,2019,E0,2020-07-01,bournemouth,newcastle,0,0
lawrenson,2019,E0,2020-07-01,everton,leicester,1,1
lawrenson,2019,E0,2020-07-01,west_ham,chelsea,0,1
lawrenson,2019,E0,2020-07-02,man_city,liverpool,1,1
lawrenson,2019,E0,2020-07-02,sheffield_united,tottenham,0,2
lawrenson,2019,E0,2020-07-04,chelsea,watford,2,0
lawrenson,2019,E0,2020-07-04,leicester,crystal_palace,2,0
lawrenson,2019,E0,2020-07-04,man_united,bournemouth,4,0
lawrenson,2019,E0,2020-07-04,norwich,brighton,1,2
lawrenson,2019,E0,2020-07-04,wolves,arsenal,2,0
lawrenson,2019,E0,2020-07-05,burnley,sheffield_united,2,1
lawrenson,2019,E0,2020-07-05,liverpool,aston_villa,3,0
lawrenson,2019,E0,2020-07-05,newcastle,west_ham,1,1
lawrenson,2019,E0,2020-07-05,southampton,man_city,0,2
lawrenson,2019,E0,2020-07-06,tottenham,everton,2,0
lawrenson,2019,E0,2020-07-07,arsenal,leicester,1,2
lawrenson,2019,E0,2020-07-07,crystal_palace,chelsea,1,1
lawrenson,2019,E0,2020-07-07,watford,norwich,2,0
lawrenson,2019,E0,2020-07-08,brighton,liverpool,0,2
lawrenson,2019,E0,2020-07-08,man_city,newcastle,3,0
lawrenson,2019,E0,2020-07-08,sheffield_united,wolves,1,1
lawrenson,2019,E0,2020-07-08,west_ham,burnley,2,0
lawrenson,2019,E0,2020-07-09,aston_villa,man_united,0,2
lawrenson,2019,E0,2020-07-09,bournemouth,tottenham,0,2
lawrenson,2019,E0,2020-07-09,everton,southampton,1,1
lawrenson,2019,E0,2020-07-11,brighton,man_city,0,3
lawrenson,2019,E0,2020-07-11,liverpool,burnley,2,0
lawrenson,2019,E0,2020-07-11,norwich,west_ham,1,1
lawrenson,2019,E0,2020-07-11,sheffield_united,chelsea,1,1
lawrenson,2019,E0,2020-07-11,watford,newcastle,2,0
lawrenson,2019,E0,2020-07-12,aston_villa,crystal_palace,1,1
lawrenson,2019,E0,2020-07-12,bournemouth,leicester,0,2
lawrenson,2019,E0,2020-07-12,tottenham,arsenal,2,0
lawrenson,2019,E0,2020-07-12,wolves,everton,2,0
lawrenson,2019,E0,2020-07-13,man_united,southampton,3,0
lawrenson,2019,E0,2020-07-14,chelsea,norwich,3,0
lawrenson,2019,E0,2020-07-15,arsenal,liverpool,1,1
lawrenson,2019,E0,2020-07-15,burnley,wolves,0,2
lawrenson,2019,E0,2020-07-15,man_city,bournemouth,4,0
lawrenson,2019,E0,2020-07-15,newcastle,tottenham,0,2
lawrenson,2019,E0,2020-07-16,crystal_palace,man_united,0,2
lawrenson,2019,E0,2020-07-16,everton,aston_villa,2,0
lawrenson,2019,E0,2020-07-16,leicester,sheffield_united,1,1
lawrenson,2019,E0,2020-07-16,southampton,brighton,2,0
lawrenson,2019,E0,2020-07-17,west_ham,watford,2,1
lawrenson,2019,E0,2020-07-18,norwich,burnley,0,2
lawrenson,2019,E0,2020-07-19,bournemouth,southampton,2,1
lawrenson,2019,E0,2020-07-19,tottenham,leicester,2,1
lawrenson,2019,E0,2020-07-20,brighton,newcastle,1,1
lawrenson,2019,E0,2020-07-20,sheffield_united,everton,2,0
lawrenson,2019,E0,2020-07-20,wolves,crystal_palace,2,0
lawrenson,2019,E0,2020-07-21,aston_villa,arsenal,1,1
lawrenson,2019,E0,2020-07-21,watford,man_city,0,2
lawrenson,2019,E0,2020-07-22,liverpool,chelsea,2,0
lawrenson,2019,E0,2020-07-22,man_united,west_ham,2,0
lawrenson,2019,E0,2020-07-26,arsenal,watford,2,0
lawrenson,2019,E0,2020-07-26,burnley,brighton,2,0
lawrenson,2019,E0,2020-07-26,chelsea,wolves,2,1
lawrenson,2019,E0,2020-07-26,crystal_palace,tottenham,0,2
lawrenson,2019,E0,2020-07-26,everton,bournemouth,2,0
lawrenson,2019,E0,2020-07-26,leicester,man_united,1,2
lawrenson,2019,E0,2020-07-26,man_city,norwich,4,0
lawrenson,2019,E0,2020-07-26,newcastle,liverpool,0,2
lawrenson,2019,E0,2020-07-26,southampton,sheffield_united,2,0
lawrenson,2019,E0,2020-07-26,west_ham,aston_villa,2,0
lawrenson,2020,E0,2020-09-12,crystal_palace,southampton,1,1
lawrenson,2020,E0,2020-09-12,fulham,arsenal,0,2
lawrenson,2020,E0,2020-09-12,liverpool,leeds,2,0
lawrenson,2020,E0,2020-09-12,west_ham,newcastle,2,1
lawrenson,2020,E0,2020-09-13,tottenham,everton,2,1
lawrenson,2020,E0,2020-09-13,west_brom,leicester,0,2
lawrenson,2020,E0,2020-09-14,brighton,chelsea,0,2
lawrenson,2020,E0,2020-09-14,sheffield_united,wolves,1,1
lawrenson,2020,E0,2020-09-19,arsenal,west_ham,2,1
lawrenson,2020,E0,2020-09-19,everton,west_brom,2,0
lawrenson,2020,E0,2020-09-19,leeds,fulham,2,0
lawrenson,2020,E0,2020-09-19,man_united,crystal_palace,2,0
lawrenson,2020,E0,2020-09-20,chelsea,liverpool,1,1
lawrenson,2020,E0,2020-09-20,leicester,burnley,2,0
lawrenson,2020,E0,2020-09-20,newcastle,brighton,2,1
lawrenson,2020,E0,2020-09-20,southampton,tottenham,0,2
lawrenson,2020,E0,2020-09-21,aston_villa,sheffield_united,1,0
lawrenson,2020,E0,2020-09-21,wolves,man_city,1,1
lawrenson,2020,E0,2020-09-26,brighton,man_united,0,2
lawrenson,2020,E0,2020-09-26,burnley,southampton,2,1
lawrenson,2020,E0,2020-09-26,crystal_palace,everton,1,1
lawrenson,2020,E0,2020-09-26,west_brom,chelsea,0,2
lawrenson,2020,E0,2020-09-27,man_city,leicester,3,0
lawrenson,2020,E0,2020-09-27,sheffield_united,leeds,1,2
lawrenson,2020,E0,2020-09-27,tottenham,newcastle,2,0
lawrenson,2020,E0,2020-09-27,west_ham,wolves,1,1
lawrenson,2020,E0,2020-09-28,fulham,aston_villa,1,2
lawrenson,2020,E0,2020-09-28,liverpool,arsenal,2,0
lawrenson,2020,E0,2020-10-03,chelsea,crystal_palace,2,0
lawrenson,2020,E0,2020-10-03,everton,brighton,2,0
lawrenson,2020,E0,2020-10-03,leeds,man_city,1,2
lawrenson,2020,E0,2020-10-03,newcastle,burnley,2,1
lawrenson,2020,E0,2020-10-04,arsenal,sheffield_united,2,0
lawrenson,2020,E0,2020-10-04,aston_villa,liverpool,0,2
lawrenson,2020,E0,2020-10-04,leicester,west_ham,2,0
lawrenson,2020,E0,2020-10-04,man_united,tottenham,2,1
lawrenson,2020,E0,2020-10-04,southampton,west_brom,2,0
lawrenson,2020,E0,2020-10-04,wolves,fulham,2,0
lawrenson,2020,E0,2020-10-17,chelsea,southampton,2,0
lawrenson,2020,E0,2020-10-17,everton,liverpool,1,1
lawrenson,2020,E0,2020-10-17,man_city,arsenal,1,1
lawrenson,2020,E0,2020-10-17,newcastle,man_united,1,2
lawrenson,2020,E0,2020-10-18,crystal_palace,brighton,1,1
lawrenson,2020,E0,2020-10-18,leicester,aston_villa,2,0
lawrenson,2020,E0,2020-10-18,sheffield_united,fulham,2,0
lawrenson,2020,E0,2020-10-18,tottenham,west_ham,2,1
lawrenson,2020,E0,2020-10-19,leeds,wolves,2,1
lawrenson,2020,E0,2020-10-19,west_brom,burnley,0,1
lawrenson,2020,E0,2020-10-23,aston_villa,leeds,1,2
lawrenson,2020,E0,2020-10-24,fulham,crystal_palace,0,2
lawrenson,2020,E0,2020-10-24,liverpool,sheffield_united,2,1
lawrenson,2020,E0,2020-10-24,man_united,chelsea,2,0
lawrenson,2020,E0,2020-10-24,west_ham,man_city,1,1
lawrenson,2020,E0,2020-10-25,arsenal,leicester,2,1
lawrenson,2020,E0,2020-10-25,southampton,everton,2,0
lawrenson,2020,E0,2020-10-25,wolves,newcastle,2,0
lawrenson,2020,E0,2020-10-26,brighton,west_brom,2,0
lawrenson,2020,E0,2020-10-26,burnley,tottenham,2,1
lawrenson,2020,E0,2020-10-30,wolves,crystal_palace,2,0
lawrenson,2020,E0,2020-10-31,burnley,chelsea,1,1
lawrenson,2020,E0,2020-10-31,liverpool,west_ham,2,0
lawrenson,2020,E0,2020-10-31,sheffield_united,man_city,0,2
lawrenson,2020,E0,2020-11-01,aston_villa,southampton,1,2
lawrenson,2020,E0,2020-11-01,man_united,arsenal,2,0
lawrenson,2020,E0,2020-11-01,newcastle,everton,2,1
lawrenson,2020,E0,2020-11-01,tottenham,brighton,2,0
lawrenson,2020,E0,2020-11-02,fulham,west_brom,2,1
lawrenson,2020,E0,2020-11-02,leeds,leicester,2,1
lawrenson,2020,E0,2020-11-06,brighton,burnley,2,1
lawrenson,2020,E0,2020-11-06,southampton,newcastle,1,1
lawrenson,2020,E0,2020-11-07,chelsea,sheffield_united,2,0
lawrenson,2020,E0,2020-11-07,crystal_palace,leeds,1,2
lawrenson,2020,E0,2020-11-07,everton,man_united,1,1
lawrenson,2020,E0,2020-11-07,west_ham,fulham,2,0
lawrenson,2020,E0,2020-11-08,arsenal,aston_villa,2,0
lawrenson,2020,E0,2020-11-08,leicester,wolves,2,1
lawrenson,2020,E0,2020-11-08,man_city,liverpool,2,0
lawrenson,2020,E0,2020-11-08,west_brom,tottenham,0,2
lawrenson,2020,E0,2020-11-21,aston_villa,brighton,1,1
lawrenson,2020,E0,2020-11-21,man_united,west_brom,3,0
lawrenson,2020,E0,2020-11-21,newcastle,chelsea,0,2
lawrenson,2020,E0,2020-11-21,tottenham,man_city,1,2
lawrenson,2020,E0,2020-11-22,fulham,everton,0,2
lawrenson,2020,E0,2020-11-22,leeds,arsenal,2,1
lawrenson,2020,E0,2020-11-22,liverpool,leicester,1,1
lawrenson,2020,E0,2020-11-22,sheffield_united,west_ham,2,0
lawrenson,2020,E0,2020-11-23,burnley,crystal_palace,2,0
lawrenson,2020,E0,2020-11-23,wolves,southampton,2,0
lawrenson,2020,E0,2020-11-27,crystal_palace,newcastle,2,1
lawrenson,2020,E0,2020-11-28,brighton,liverpool,0,2
lawrenson,2020,E0,2020-11-28,everton,leeds,1,1
lawrenson,2020,E0,2020-11-28,man_city,burnley,3,0
lawrenson,2020,E0,2020-11-28,west_brom,sheffield_united,1,1
lawrenson,2020,E0,2020-11-29,arsenal,wolves,2,1
lawrenson,2020,E0,2020-11-29,chelsea,tottenham,2,1
lawrenson,2020,E0,2020-11-29,southampton,man_united,0,2
lawrenson,2020,E0,2020-11-30,leicester,fulham,2,0
lawrenson,2020,E0,2020-11-30,west_ham,aston_villa,2,1
lawrenson,2020,E0,2020-12-05,burnley,everton,1,1
lawrenson,2020,E0,2020-12-05,chelsea,leeds,2,1
lawrenson,2020,E0,2020-12-05,man_city,fulham,4,0
lawrenson,2020,E0,2020-12-05,west_ham,man_united,1,1
lawrenson,2020,E0,2020-12-06,liverpool,wolves,2,1
lawrenson,2020,E0,2020-12-06,sheffield_united,leicester,1,2
lawrenson,2020,E0,2020-12-06,tottenham,arsenal,2,0
lawrenson,2020,E0,2020-12-06,west_brom,crystal_palace,1,2
lawrenson,2020,E0,2020-12-07,brighton,southampton,2,0
lawrenson,2020,E0,2020-12-11,leeds,west_ham,2,0
lawrenson,2020,E0,2020-12-12,everton,chelsea,0,2
lawrenson,2020,E0,2020-12-12,man_united,man_city,0,2
lawrenson,2020,E0,2020-12-12,newcastle,west_brom,2,0
lawrenson,2020,E0,2020-12-12,wolves,aston_villa,1,1
lawrenson,2020,E0,2020-12-13,arsenal,burnley,2,0
lawrenson,2020,E0,2020-12-13,crystal_palace,tottenham,0,2
lawrenson,2020,E0,2020-12-13,fulham,liverpool,0,2
lawrenson,2020,E0,2020-12-13,leicester,brighton,2,0
lawrenson,2020,E0,2020-12-13,southampton,sheffield_united,2,0
lawrenson,2020,E0,2020-12-15,man_city,west_brom,3,0
lawrenson,2020,E0,2020-12-15,wolves,chelsea,0,2
lawrenson,2020,E0,2020-12-16,arsenal,southampton,0,2
lawrenson,2020,E0,2020-12-16,fulham,brighton,0,2
lawrenson,2020,E0,2020-12-16,leeds,newcastle,2,0
lawrenson,2020,E0,2020-12-16,leicester,everton,2,0
lawrenson,2020,E0,2020-12-16,liverpool,tottenham,1,1
lawrenson,2020,E0,2020-12-16,west_ham,crystal_palace,2,1
lawrenson,2020,E0,2020-12-17,aston_villa,burnley,1,1
lawrenson,2020,E0,2020-12-17,sheffield_united,man_united,0,2
lawrenson,2020,E0,2020-12-19,crystal_palace,liverpool,0,2
lawrenson,2020,E0,2020-12-19,everton,arsenal,1,1
lawrenson,2020,E0,2020-12-19,newcastle,fulham,2,0
lawrenson,2020,E0,2020-12-19,southampton,man_city,0,2
lawrenson,2020,E0,2020-12-20,brighton,sheffield_united,2,0
lawrenson,2020,E0,2020-12-20,man_united,leeds,2,1
lawrenson,2020,E0,2020-12-20,tottenham,leicester,2,0
lawrenson,2020,E0,2020-12-20,west_brom,aston_villa,1,1
lawrenson,2020,E0,2020-12-21,burnley,wolves,1,1
lawrenson,2020,E0,2020-12-21,chelsea,west_ham,2,0
lawrenson,2020,E0,2020-12-26,arsenal,chelsea,1,1
lawrenson,2020,E0,2020-12-26,aston_villa,crystal_palace,2,0
lawrenson,2020,E0,2020-12-26,fulham,southampton,2,1
lawrenson,2020,E0,2020-12-26,leicester,man_united,0,2
lawrenson,2020,E0,2020-12-26,man_city,newcastle,3,0
lawrenson,2020,E0,2020-12-26,sheffield_united,everton,1,1
lawrenson,2020,E0,2020-12-27,leeds,burnley,2,1
lawrenson,2020,E0,2020-12-27,liverpool,west_brom,3,0
lawrenson,2020,E0,2020-12-27,west_ham,brighton,2,1
lawrenson,2020,E0,2020-12-27,wolves,tottenham,1,1
lawrenson,2020,E0,2020-12-28,chelsea,aston_villa,2,0
lawrenson,2020,E0,2020-12-28,crystal_palace,leicester,1,1
lawrenson,2020,E0,2020-12-29,brighton,arsenal,1,2
lawrenson,2020,E0,2020-12-29,burnley,sheffield_united,2,0
lawrenson,2020,E0,2020-12-29,man_united,wolves,2,1
lawrenson,2020,E0,2020-12-29,southampton,west_ham,2,0
lawrenson,2020,E0,2020-12-29,west_brom,leeds,0,2
lawrenson,2020,E0,2020-12-30,newcastle,liverpool,0,2
lawrenson,2020,E0,2021-01-01,everton,west_ham,1,1
lawrenson,2020,E0,2021-01-01,man_united,aston_villa,2,0
lawrenson,2020,E0,2021-01-02,brighton,wolves,1,1
lawrenson,2020,E0,2021-01-02,crystal_palace,sheffield_united,2,1
lawrenson,2020,E0,2021-01-02,tottenham,leeds,2,0
lawrenson,2020,E0,2021-01-02,west_brom,arsenal,0,2
lawrenson,2020,E0,2021-01-03,chelsea,man_city,0,2
lawrenson,2020,E0,2021-01-03,newcastle,leicester,0,2
lawrenson,2020,E0,2021-01-04,southampton,liverpool,1,2
lawrenson,2020,E0,2021-01-12,burnley,man_united,0,2
lawrenson,2020,E0,2021-01-12,sheffield_united,newcastle,2,1
lawrenson,2020,E0,2021-01-12,wolves,everton,2,1
lawrenson,2020,E0,2021-01-13,man_city,brighton,3,0
lawrenson,2020,E0,2021-01-13,tottenham,fulham,2,0
lawrenson,2020,E0,2021-01-14,arsenal,crystal_palace,2,0
lawrenson,2020,E0,2021-01-16,fulham,chelsea,0,2
lawrenson,2020,E0,2021-01-16,leeds,brighton,2,0
lawrenson,2020,E0,2021-01-16,leicester,southampton,2,0
lawrenson,2020,E0,2021-01-16,west_ham,burnley,2,0
lawrenson,2020,E0,2021-01-16,wolves,west_brom,2,0
lawrenson,2020,E0,2021-01-17,liverpool,man_united,1,1
lawrenson,2020,E0,2021-01-17,man_city,crystal_palace,3,0
lawrenson,2020,E0,2021-01-17,sheffield_united,tottenham,1,1
lawrenson,2020,E0,2021-01-18,arsenal,newcastle,2,0
lawrenson,2020,E0,2021-01-19,leicester,chelsea,0,2
lawrenson,2020,E0,2021-01-19,west_ham,west_brom,2,0
lawrenson,2020,E0,2021-01-20,fulham,man_united,0,2
lawrenson,2020,E0,2021-01-20,man_city,aston_villa,3,0
lawrenson,2020,E0,2021-01-21,liverpool,burnley,2,1
lawrenson,2020,E0,2021-01-23,aston_villa,newcastle,2,0
lawrenson,2020,E0,2021-01-26,crystal_palace,west_ham,1,1
lawrenson,2020,E0,2021-01-26,newcastle,leeds,0,2
lawrenson,2020,E0,2021-01-26,southampton,arsenal,2,1
lawrenson,2020,E0,2021-01-26,west_brom,man_city,0,3
lawrenson,2020,E0,2021-01-27,brighton,fulham,2,0
lawrenson,2020,E0,2021-01-27,burnley,aston_villa,1,1
lawrenson,2020,E0,2021-01-27,chelsea,wolves,2,1
lawrenson,2020,E0,2021-01-27,everton,leicester,2,0
lawrenson,2020,E0,2021-01-27,man_united,sheffield_united,2,0
lawrenson,2020,E0,2021-01-28,tottenham,liverpool,1,1
lawrenson,2020,E0,2021-01-30,arsenal,man_united,2,1
lawrenson,2020,E0,2021-01-30,crystal_palace,wolves,1,1
lawrenson,2020,E0,2021-01-30,everton,newcastle,2,0
lawrenson,2020,E0,2021-01-30,man_city,sheffield_united,3,0
lawrenson,2020,E0,2021-01-30,southampton,aston_villa,2,1
lawrenson,2020,E0,2021-01-30,west_brom,fulham,1,2
lawrenson,2020,E0,2021-01-31,brighton,tottenham,0,2
lawrenson,2020,E0,2021-01-31,chelsea,burnley,2,1
lawrenson,2020,E0,2021-01-31,leicester,leeds,1,2
lawrenson,2020,E0,2021-01-31,west_ham,liverpool,1,2
lawrenson,2020,E0,2021-02-02,man_united,southampton,2,0
lawrenson,2020,E0,2021-02-02,newcastle,crystal_palace,2,1
lawrenson,2020,E0,2021-02-02,sheffield_united,west_brom,2,0
lawrenson,2020,E0,2021-02-02,wolves,arsenal,2,0
lawrenson,2020,E0,2021-02-03,aston_villa,west_ham,2,0
lawrenson,2020,E0,2021-02-03,burnley,man_city,0,2
lawrenson,2020,E0,2021-02-03,fulham,leicester,0,2
lawrenson,2020,E0,2021-02-03,leeds,everton,2,0
lawrenson,2020,E0,2021-02-03,liverpool,brighton,2,0
lawrenson,2020,E0,2021-02-04,tottenham,chelsea,1,1
lawrenson,2020,E0,2021-02-06,aston_villa,arsenal,2,1
lawrenson,2020,E0,2021-02-06,burnley,brighton,1,1
lawrenson,2020,E0,2021-02-06,fulham,west_ham,0,2
lawrenson,2020,E0,2021-02-06,man_united,everton,2,1
lawrenson,2020,E0,2021-02-06,newcastle,southampton,2,0
lawrenson,2020,E0,2021-02-07,liverpool,man_city,1,1
lawrenson,2020,E0,2021-02-07,sheffield_united,chelsea,0,2
lawrenson,2020,E0,2021-02-07,tottenham,west_brom,2,0
lawrenson,2020,E0,2021-02-07,wolves,leicester,1,1
lawrenson,2020,E0,2021-02-08,leeds,crystal_palace,2,0
lawrenson,2020,E0,2021-02-13,brighton,aston_villa,2,1
lawrenson,2020,E0,2021-02-13,crystal_palace,burnley,1,1
lawrenson,2020,E0,2021-02-13,leicester,liverpool,1,1
lawrenson,2020,E0,2021-02-13,man_city,tottenham,2,1
lawrenson,2020,E0,2021-02-14,arsenal,leeds,2,1
lawrenson,2020,E0,2021-02-14,everton,fulham,2,0
lawrenson,2020,E0,2021-02-14,southampton,wolves,0,1
lawrenson,2020,E0,2021-02-14,west_brom,man_united,0,2
lawrenson,2020,E0,2021-02-15,chelsea,newcastle,2,0
lawrenson,2020,E0,2021-02-15,west_ham,sheffield_united,2,0
lawrenson,2020,E0,2021-02-17,burnley,fulham,0,0
lawrenson,2020,E0,2021-02-17,everton,man_city,0,0
lawrenson,2020,E0,2021-02-19,wolves,leeds,2,1
lawrenson,2020,E0,2021-02-20,burnley,west_brom,2,1
lawrenson,2020,E0,2021-02-20,fulham,sheffield_united,1,2
lawrenson,2020,E0,2021-02-20,liverpool,everton,1,1
lawrenson,2020,E0,2021-02-20,southampton,chelsea,0,2
lawrenson,2020,E0,2021-02-21,arsenal,man_city,1,3
lawrenson,2020,E0,2021-02-21,aston_villa,leicester,1,1
lawrenson,2020,E0,2021-02-21,man_united,newcastle,2,0
lawrenson,2020,E0,2021-02-21,west_ham,tottenham,1,2
lawrenson,2020,E0,2021-02-22,brighton,crystal_palace,2,0
lawrenson,2020,E0,2021-02-23,leeds,southampton,0,0
lawrenson,2020,E0,2021-02-27,leeds,aston_villa,2,0
lawrenson,2020,E0,2021-02-27,man_city,west_ham,2,0
lawrenson,2020,E0,2021-02-27,newcastle,wolves,0,2
lawrenson,2020,E0,2021-02-27,west_brom,brighton,1,1
lawrenson,2020,E0,2021-02-28,chelsea,man_united,1,1
lawrenson,2020,E0,2021-02-28,crystal_palace,fulham,2,1
lawrenson,2020,E0,2021-02-28,leicester,arsenal,2,1
lawrenson,2020,E0,2021-02-28,sheffield_united,liverpool,0,2
lawrenson,2020,E0,2021-02-28,tottenham,burnley,2,0
lawrenson,2020,E0,2021-03-01,everton,southampton,2,0
lawrenson,2020,E0,2021-03-02,man_city,wolves,2,0
lawrenson,2020,E0,2021-03-03,burnley,leicester,1,0
lawrenson,2020,E0,2021-03-03,crystal_palace,man_united,0,2
lawrenson,2020,E0,2021-03-03,sheffield_united,aston_villa,1,1
lawrenson,2020,E0,2021-03-04,fulham,tottenham,0,2
lawrenson,2020,E0,2021-03-04,liverpool,chelsea,1,1
lawrenson,2020,E0,2021-03-04,west_brom,everton,0,2
lawrenson,2020,E0,2021-03-06,aston_villa,wolves,0,1
lawrenson,2020,E0,2021-03-06,brighton,leicester,2,0
lawrenson,2020,E0,2021-03-06,burnley,arsenal,1,1
lawrenson,2020,E0,2021-03-06,sheffield_united,southampton,1,1
lawrenson,2020,E0,2021-03-07,liverpool,fulham,2,0
lawrenson,2020,E0,2021-03-07,man_city,man_united,2,0
lawrenson,2020,E0,2021-03-07,tottenham,crystal_palace,2,0
lawrenson,2020,E0,2021-03-07,west_brom,newcastle,0,0
lawrenson,2020,E0,2021-03-08,chelsea,everton,2,0
lawrenson,2020,E0,2021-03-08,west_ham,leeds,2,0
lawrenson,2020,E0,2021-03-10,man_city,southampton,0,0
lawrenson,2020,E0,2021-03-12,newcastle,aston_villa,1,1
lawrenson,2020,E0,2021-03-13,crystal_palace,west_brom,2,0
lawrenson,2020,E0,2021-03-13,everton,burnley,2,0
lawrenson,2020,E0,2021-03-13,fulham,man_city,0,2
lawrenson,2020,E0,2021-03-13,leeds,chelsea,2,1
lawrenson,2020,E0,2021-03-14,arsenal,tottenham,0,2
lawrenson,2020,E0,2021-03-14,leicester,sheffield_united,2,0
lawrenson,2020,E0,2021-03-14,man_united,west_ham,2,1
lawrenson,2020,E0,2021-03-14,southampton,brighton,1,1
lawrenson,2020,E0,2021-03-15,wolves,liverpool,1,1
lawrenson,2020,E0,2021-03-19,fulham,leeds,0,2
lawrenson,2020,E0,2021-03-20,brighton,newcastle,2,1
lawrenson,2020,E0,2021-03-21,aston_villa,tottenham,1,2
lawrenson,2020,E0,2021-03-21,west_ham,arsenal,1,1
lawrenson,2020,E0,2021-04-03,arsenal,liverpool,1,2
lawrenson,2020,E0,2021-04-03,chelsea,west_brom,2,0
lawrenson,2020,E0,2021-04-03,leeds,sheffield_united,3,0
lawrenson,2020,E0,2021-04-03,leicester,man_city,0,2
lawrenson,2020,E0,2021-04-04,aston_villa,fulham,2,1
lawrenson,2020,E0,2021-04-04,man_united,brighton,2,1
lawrenson,2020,E0,2021-04-04,newcastle,tottenham,0,2
lawrenson,2020,E0,2021-04-04,southampton,burnley,1,1
lawrenson,2020,E0,2021-04-05,everton,crystal_palace,2,0
lawrenson,2020,E0,2021-04-05,wolves,west_ham,1,0
lawrenson,2020,E0,2021-04-09,fulham,wolves,0,1
lawrenson,2020,E0,2021-04-10,crystal_palace,chelsea,0,2
lawrenson,2020,E0,2021-04-10,liverpool,aston_villa,2,0
lawrenson,2020,E0,2021-04-10,man_city,leeds,3,0
lawrenson,2020,E0,2021-04-11,burnley,newcastle,1,1
lawrenson,2020,E0,2021-04-11,sheffield_united,arsenal,0,2
lawrenson,2020,E0,2021-04-11,tottenham,man_united,2,1
lawrenson,2020,E0,2021-04-11,west_ham,leicester,1,2
lawrenson,2020,E0,2021-04-12,brighton,everton,1,1
lawrenson,2020,E0,2021-04-12,west_brom,southampton,0,2
lawrenson,2020,E0,2021-04-16,everton,tottenham,1,2
lawrenson,2020,E0,2021-04-17,newcastle,west_ham,2,0
lawrenson,2020,E0,2021-04-17,wolves,sheffield_united,2,0
lawrenson,2020,E0,2021-04-18,arsenal,fulham,2,0
lawrenson,2020,E0,2021-04-18,man_united,burnley,2,0
lawrenson,2020,E0,2021-04-19,leeds,liverpool,1,2
lawrenson,2020,E0,2021-04-20,chelsea,brighton,0,0
lawrenson,2020,E0,2021-04-21,aston_villa,man_city,0,0
lawrenson,2020,E0,2021-04-21,tottenham,southampton,0,0
lawrenson,2020,E0,2021-04-22,leicester,west_brom,0,0
lawrenson,2020,E0,2021-04-23,arsenal,everton,2,1
lawrenson,2020,E0,2021-04-24,liverpool,newcastle,2,0
lawrenson,2020,E0,2021-04-24,sheffield_united,brighton,0,2
lawrenson,2020,E0,2021-04-24,west_ham,chelsea,0,2
lawrenson,2020,E0,2021-04-25,aston_villa,west_brom,2,1
lawrenson,2020,E0,2021-04-25,leeds,man_united,1,2
lawrenson,2020,E0,2021-04-25,wolves,burnley,1,2
lawrenson,2020,E0,2021-04-26,leicester,crystal_palace,2,0
lawrenson,2020,E0,2021-04-30,southampton,leicester,0,2
lawrenson,2020,E0,2021-05-01,brighton,leeds,1,2
lawrenson,2020,E0,2021-05-01,chelsea,fulham,2,0
lawrenson,2020,E0,2021-05-01,crystal_palace,man_city,0,2
lawrenson,2020,E0,2021-05-01,everton,aston_villa,2,0
lawrenson,2020,E0,2021-05-02,newcastle,arsenal,2,1
lawrenson,2020,E0,2021-05-02,tottenham,sheffield_united,3,0
lawrenson,2020,E0,2021-05-03,burnley,west_ham,2,0
lawrenson,2020,E0,2021-05-03,west_brom,wolves,1,1
lawrenson,2020,E0,2021-05-07,leicester,newcastle,3,0
lawrenson,2020,E0,2021-05-08,leeds,tottenham,0,2
lawrenson,2020,E0,2021-05-08,liverpool,southampton,2,0
lawrenson,2020,E0,2021-05-08,man_city,chelsea,2,0
lawrenson,2020,E0,2021-05-08,sheffield_united,crystal_palace,0,1
lawrenson,2020,E0,2021-05-09,arsenal,west_brom,2,0
lawrenson,2020,E0,2021-05-09,aston_villa,man_united,0,2
lawrenson,2020,E0,2021-05-09,west_ham,everton,2,0
lawrenson,2020,E0,2021-05-09,wolves,brighton,0,2
lawrenson,2020,E0,2021-05-10,fulham,burnley,0,2
lawrenson,2020,E0,2021-05-11,man_united,leicester,0,0
lawrenson,2020,E0,2021-05-11,southampton,crystal_palace,0,0
lawrenson,2020,E0,2021-05-12,chelsea,arsenal,0,0
lawrenson,2020,E0,2021-05-13,aston_villa,everton,0,0
lawrenson,2020,E0,2021-05-13,man_united,liverpool,1,1
lawrenson,2020,E0,2021-05-14,newcastle,man_city,0,2
lawrenson,2020,E0,2021-05-15,brighton,west_ham,1,1
lawrenson,2020,E0,2021-05-15,burnley,leeds,1,2
lawrenson,2020,E0,2021-05-15,southampton,fulham,2,0
lawrenson,2020,E0,2021-05-16,crystal_palace,aston_villa,2,1
lawrenson,2020,E0,2021-05-16,everton,sheffield_united,2,0
lawrenson,2020,E0,2021-05-16,tottenham,wolves,2,0
lawrenson,2020,E0,2021-05-16,west_brom,liverpool,0,2
lawrenson,2020,E0,2021-05-18,brighton,man_city,0,3
lawrenson,2020,E0,2021-05-18,chelsea,leicester,2,0
lawrenson,2020,E0,2021-05-18,man_united,fulham,3,0
lawrenson,2020,E0,2021-05-18,southampton,leeds,0,2
lawrenson,2020,E0,2021-05-19,burnley,liverpool,1,3
lawrenson,2020,E0,2021-05-19,crystal_palace,arsenal,0,2
lawrenson,2020,E0,2021-05-19,everton,wolves,2,0
lawrenson,2020,E0,2021-05-19,newcastle,sheffield_united,2,1
lawrenson,2020,E0,2021-05-19,tottenham,aston_villa,2,1
lawrenson,2020,E0,2021-05-19,west_brom,west_ham,0,2
lawrenson,2020,E0,2021-05-23,arsenal,brighton,2,0
lawrenson,2020,E0,2021-05-23,aston_villa,chelsea,0,2
lawrenson,2020,E0,2021-05-23,fulham,newcastle,1,1
lawrenson,2020,E0,2021-05-23,leeds,west_brom,2,0
lawrenson,2020,E0,2021-05-23,leicester,tottenham,1,2
lawrenson,2020,E0,2021-05-23,liverpool,crystal_palace,2,0
lawrenson,2020,E0,2021-05-23,man_city,everton,3,0
lawrenson,2020,E0,2021-05-23,sheffield_united,burnley,1,1
lawrenson,2020,E0,2021-05-23,west_ham,southampton,2,0
lawrenson,2020,E0,2021-05-23,wolves,man_united,0,2
lawrenson,2021,E0,2021-08-13,brentford,arsenal,1,1
lawrenson,2021,E0,2021-08-14,burnley,brighton,1,2
lawrenson,2021,E0,2021-08-14,chelsea,crystal_palace,2,0
lawrenson,2021,E0,2021-08-14,everton,southampton,1,0
lawrenson,2021,E0,2021-08-14,leicester,wolves,2,0
lawrenson,2021,E0,2021-08-14,man_united,leeds,2,1
lawrenson,2021,E0,2021-08-14,norwich,liverpool,0,2
lawrenson,2021,E0,2021-08-14,watford,aston_villa,0,2
lawrenson,2021,E0,2021-08-15,newcastle,west_ham,1,1
lawrenson,2021,E0,2021-08-15,tottenham,man_city,0,2
lawrenson,2021,E0,2021-08-21,aston_villa,newcastle,2,0
lawrenson,2021,E0,2021-08-21,brighton,watford,2,1
lawrenson,2021,E0,2021-08-21,crystal_palace,brentford,1,2
lawrenson,2021,E0,2021-08-21,leeds,everton,2,0
lawrenson,2021,E0,2021-08-21,liverpool,burnley,3,0
lawrenson,2021,E0,2021-08-21,man_city,norwich,3,0
lawrenson,2021,E0,2021-08-22,arsenal,chelsea,1,1
lawrenson,2021,E0,2021-08-22,southampton,man_united,0,2
lawrenson,2021,E0,2021-08-22,wolves,tottenham,1,1
lawrenson,2021,E0,2021-08-23,west_ham,leicester,1,1
lawrenson,2021,E0,2021-08-28,aston_villa,brentford,2,0
lawrenson,2021,E0,2021-08-28,brighton,everton,1,0
lawrenson,2021,E0,2021-08-28,liverpool,chelsea,1,1
lawrenson,2021,E0,2021-08-28,man_city,arsenal,2,0
lawrenson,2021,E0,2021-08-28,newcastle,southampton,2,1
lawrenson,2021,E0,2021-08-28,norwich,leicester,0,2
lawrenson,2021,E0,2021-08-28,west_ham,crystal_palace,2,0
lawrenson,2021,E0,2021-08-29,burnley,leeds,0,2
lawrenson,2021,E0,2021-08-29,tottenham,watford,3,0
lawrenson,2021,E0,2021-08-29,wolves,man_united,0,2
lawrenson,2021,E0,2021-09-11,arsenal,norwich,2,0
lawrenson,2021,E0,2021-09-11,brentford,brighton,1,1
lawrenson,2021,E0,2021-09-11,chelsea,aston_villa,2,0
lawrenson,2021,E0,2021-09-11,crystal_palace,tottenham,0,1
lawrenson,2021,E0,2021-09-11,leicester,man_city,1,2
lawrenson,2021,E0,2021-09-11,man_united,newcastle,3,0
lawrenson,2021,E0,2021-09-11,southampton,west_ham,2,1
lawrenson,2021,E0,2021-09-11,watford,wolves,1,2
lawrenson,2021,E0,2021-09-12,leeds,liverpool,1,2
lawrenson,2021,E0,2021-09-13,everton,burnley,2,0
lawrenson,2021,E0,2021-09-17,newcastle,leeds,1,2
lawrenson,2021,E0,2021-09-18,aston_villa,everton,2,1
lawrenson,2021,E0,2021-09-18,burnley,arsenal,1,1
lawrenson,2021,E0,2021-09-18,liverpool,crystal_palace,3,0
lawrenson,2021,E0,2021-09-18,man_city,southampton,4,0
lawrenson,2021,E0,2021-09-18,norwich,watford,1,1
lawrenson,2021,E0,2021-09-18,wolves,brentford,2,0
lawrenson,2021,E0,2021-09-19,brighton,leicester,1,1
lawrenson,2021,E0,2021-09-19,tottenham,chelsea,1,2
lawrenson,2021,E0,2021-09-19,west_ham,man_united,0,2
lawrenson,2021,E0,2021-09-25,brentford,liverpool,0,2
lawrenson,2021,E0,2021-09-25,chelsea,man_city,1,1
lawrenson,2021,E0,2021-09-25,everton,norwich,2,0
lawrenson,2021,E0,2021-09-25,leeds,west_ham,2,1
lawrenson,2021,E0,2021-09-25,leicester,burnley,2,1
lawrenson,2021,E0,2021-09-25,man_united,aston_villa,2,0
lawrenson,2021,E0,2021-09-25,watford,newcastle,1,1
lawrenson,2021,E0,2021-09-26,arsenal,tottenham,1,1
lawrenson,2021,E0,2021-09-26,southampton,wolves,2,1
lawrenson,2021,E0,2021-09-27,crystal_palace,brighton,1,1
lawrenson,2021,E0,2021-10-02,brighton,arsenal,0,2
lawrenson,2021,E0,2021-10-02,burnley,norwich,2,1
lawrenson,2021,E0,2021-10-02,chelsea,southampton,3,0
lawrenson,2021,E0,2021-10-02,leeds,watford,2,0
lawrenson,2021,E0,2021-10-02,man_united,everton,2,0
lawrenson,2021,E0,2021-10-02,wolves,newcastle,2,1
lawrenson,2021,E0,2021-10-03,crystal_palace,leicester,0,2
lawrenson,2021,E0,2021-10-03,liverpool,man_city,1,1
lawrenson,2021,E0,2021-10-03,tottenham,aston_villa,2,1
lawrenson,2021,E0,2021-10-03,west_ham,brentford,2,0
lawrenson,2021,E0,2021-10-16,aston_villa,wolves,2,1
lawrenson,2021,E0,2021-10-16,brentford,chelsea,0,2
lawrenson,2021,E0,2021-10-16,leicester,man_united,1,1
lawrenson,2021,E0,2021-10-16,man_city,burnley,3,0
lawrenson,2021,E0,2021-10-16,norwich,brighton,1,1
lawrenson,2021,E0,2021-10-16,southampton,leeds,0,2
lawrenson,2021,E0,2021-10-16,watford,liverpool,0,2
lawrenson,2021,E0,2021-10-17,everton,west_ham,1,2
lawrenson,2021,E0,2021-10-17,newcastle,tottenham,1,1
lawrenson,2021,E0,2021-10-18,arsenal,crystal_palace,2,0
lawrenson,2021,E0,2021-10-22,arsenal,aston_villa,2,1
lawrenson,2021,E0,2021-10-23,brighton,man_city,0,2
lawrenson,2021,E0,2021-10-23,chelsea,norwich,2,0
lawrenson,2021,E0,2021-10-23,crystal_palace,newcastle,2,1
lawrenson,2021,E0,2021-10-23,everton,watford,2,0
lawrenson,2021,E0,2021-10-23,leeds,wolves,1,1
lawrenson,2021,E0,2021-10-23,southampton,burnley,2,1
lawrenson,2021,E0,2021-10-24,brentford,leicester,0,2
lawrenson,2021,E0,2021-10-24,man_united,liverpool,1,1
lawrenson,2021,E0,2021-10-24,west_ham,tottenham,1,1
lawrenson,2021,E0,2021-10-30,burnley,brentford,2,0
lawrenson,2021,E0,2021-10-30,leicester,arsenal,2,1
lawrenson,2021,E0,2021-10-30,liverpool,brighton,3,0
lawrenson,2021,E0,2021-10-30,man_city,crystal_palace,3,0
lawrenson,2021,E0,2021-10-30,newcastle,chelsea,0,2
lawrenson,2021,E0,2021-10-30,tottenham,man_united,1,2
lawrenson,2021,E0,2021-10-30,watford,southampton,1,1
lawrenson,2021,E0,2021-10-31,aston_villa,west_ham,1,1
lawrenson,2021,E0,2021-10-31,norwich,leeds,0,2
lawrenson,2021,E0,2021-11-01,wolves,everton,2,0
lawrenson,2021,E0,2021-11-05,southampton,aston_villa,2,0
lawrenson,2021,E0,2021-11-06,brentford,norwich,2,0
lawrenson,2021,E0,2021-11-06,brighton,newcastle,2,0
lawrenson,2021,E0,2021-11-06,chelsea,burnley,2,0
lawrenson,2021,E0,2021-11-06,crystal_palace,wolves,2,1
lawrenson,2021,E0,2021-11-06,man_united,man_city,1,2
lawrenson,2021,E0,2021-11-07,arsenal,watford,2,0
lawrenson,2021,E0,2021-11-07,everton,tottenham,1,2
lawrenson,2021,E0,2021-11-07,leeds,leicester,1,2
lawrenson,2021,E0,2021-11-07,west_ham,liverpool,1,2
lawrenson,2021,E0,2021-11-20,aston_villa,brighton,2,0
lawrenson,2021,E0,2021-11-20,burnley,crystal_palace,2,1
lawrenson,2021,E0,2021-11-20,leicester,chelsea,1,1
lawrenson,2021,E0,2021-11-20,liverpool,arsenal,2,0
lawrenson,2021,E0,2021-11-20,newcastle,brentford,2,0
lawrenson,2021,E0,2021-11-20,norwich,southampton,1,1
lawrenson,2021,E0,2021-11-20,watford,man_united,0,2
lawrenson,2021,E0,2021-11-20,wolves,west_ham,1,2
lawrenson,2021,E0,2021-11-21,man_city,everton,3,0
lawrenson,2021,E0,2021-11-21,tottenham,leeds,2,0
lawrenson,2021,E0,2021-11-27,arsenal,newcastle,2,0
lawrenson,2021,E0,2021-11-27,brighton,leeds,0,2
lawrenson,2021,E0,2021-11-27,crystal_palace,aston_villa,1,1
lawrenson,2021,E0,2021-11-27,liverpool,southampton,2,0
lawrenson,2021,E0,2021-11-27,norwich,wolves,1,1
lawrenson,2021,E0,2021-11-28,brentford,everton,2,1
lawrenson,2021,E0,2021-11-28,chelsea,man_united,2,1
lawrenson,2021,E0,2021-11-28,leicester,watford,3,0
lawrenson,2021,E0,2021-11-28,man_city,west_ham,2,0
lawrenson,2021,E0,2021-11-30,leeds,crystal_palace,2,1
lawrenson,2021,E0,2021-11-30,newcastle,norwich,2,1
lawrenson,2021,E0,2021-12-01,aston_villa,man_city,1,1
lawrenson,2021,E0,2021-12-01,everton,liverpool,0,2
lawrenson,2021,E0,2021-12-01,southampton,leicester,1,2
lawrenson,2021,E0,2021-12-01,watford,chelsea,0,3
lawrenson,2021,E0,2021-12-01,west_ham,brighton,2,0
lawrenson,2021,E0,2021-12-01,wolves,burnley,1,0
lawrenson,2021,E0,2021-12-02,man_united,arsenal,2,1
lawrenson,2021,E0,2021-12-02,tottenham,brentford,2,0
lawrenson,2021,E0,2021-12-04,newcastle,burnley,0,2
lawrenson,2021,E0,2021-12-04,southampton,brighton,2,1
lawrenson,2021,E0,2021-12-04,watford,man_city,0,3
lawrenson,2021,E0,2021-12-04,west_ham,chelsea,0,2
lawrenson,2021,E0,2021-12-04,wolves,liverpool,0,2
lawrenson,2021,E0,2021-12-05,aston_villa,leicester,1,1
lawrenson,2021,E0,2021-12-05,leeds,brentford,2,0
lawrenson,2021,E0,2021-12-05,man_united,crystal_palace,2,0
lawrenson,2021,E0,2021-12-05,tottenham,norwich,3,0
lawrenson,2021,E0,2021-12-06,everton,arsenal,1,2
lawrenson,2021,E0,2021-12-10,brentford,watford,2,1
lawrenson,2021,E0,2021-12-11,arsenal,southampton,2,1
lawrenson,2021,E0,2021-12-11,chelsea,leeds,2,0
lawrenson,2021,E0,2021-12-11,liverpool,aston_villa,2,0
lawrenson,2021,E0,2021-12-11,man_city,wolves,4,0
lawrenson,2021,E0,2021-12-11,norwich,man_united,0,2
lawrenson,2021,E0,2021-12-12,burnley,west_ham,1,1
lawrenson,2021,E0,2021-12-12,crystal_palace,everton,1,1
lawrenson,2021,E0,2021-12-12,leicester,newcastle,2,1
lawrenson,2021,E0,2021-12-14,man_city,leeds,3,0
lawrenson,2021,E0,2021-12-14,norwich,aston_villa,2,1
lawrenson,2021,E0,2021-12-15,arsenal,west_ham,2,1
lawrenson,2021,E0,2021-12-15,brighton,wolves,2,1
lawrenson,2021,E0,2021-12-15,crystal_palace,southampton,2,1
lawrenson,2021,E0,2021-12-16,chelsea,everton,2,0
lawrenson,2021,E0,2021-12-16,liverpool,newcastle,3,0
lawrenson,2021,E0,2021-12-18,leeds,arsenal,1,2
lawrenson,2021,E0,2021-12-19,newcastle,man_city,0,3
lawrenson,2021,E0,2021-12-19,tottenham,liverpool,1,1
lawrenson,2021,E0,2021-12-19,wolves,chelsea,0,2
lawrenson,2021,E0,2021-12-26,aston_villa,chelsea,0,2
lawrenson,2021,E0,2021-12-26,brighton,brentford,1,0
lawrenson,2021,E0,2021-12-26,man_city,leicester,3,0
lawrenson,2021,E0,2021-12-26,norwich,arsenal,1,2
lawrenson,2021,E0,2021-12-26,tottenham,crystal_palace,2,0
lawrenson,2021,E0,2021-12-26,west_ham,southampton,1,2
lawrenson,2021,E0,2021-12-27,newcastle,man_united,0,2
lawrenson,2021,E0,2021-12-28,crystal_palace,norwich,2,1
lawrenson,2021,E0,2021-12-28,leicester,liverpool,0,2
lawrenson,2021,E0,2021-12-28,southampton,tottenham,1,1
lawrenson,2021,E0,2021-12-28,watford,west_ham,2,1
lawrenson,2021,E0,2021-12-29,brentford,man_city,0,3
lawrenson,2021,E0,2021-12-29,chelsea,brighton,2,0
lawrenson,2021,E0,2021-12-30,man_united,burnley,3,0
lawrenson,2021,E0,2022-01-01,arsenal,man_city,0,3
lawrenson,2021,E0,2022-01-01,crystal_palace,west_ham,1,1
lawrenson,2021,E0,2022-01-01,watford,tottenham,0,2
lawrenson,2021,E0,2022-01-02,brentford,aston_villa,1,2
lawrenson,2021,E0,2022-01-02,chelsea,liverpool,1,1
lawrenson,2021,E0,2022-01-02,everton,brighton,1,1
lawrenson,2021,E0,2022-01-02,leeds,burnley,2,1
lawrenson,2021,E0,2022-01-03,man_united,wolves,1,0
lawrenson,2021,E0,2022-01-12,west_ham,norwich,0,0
lawrenson,2021,E0,2022-01-14,brighton,crystal_palace,1,1
lawrenson,2021,E0,2022-01-15,aston_villa,man_united,2,1
lawrenson,2021,E0,2022-01-15,man_city,chelsea,2,1
lawrenson,2021,E0,2022-01-15,newcastle,watford,2,1
lawrenson,2021,E0,2022-01-15,norwich,everton,0,2
lawrenson,2021,E0,2022-01-15,wolves,southampton,2,1
lawrenson,2021,E0,2022-01-16,liverpool,brentford,2,0
lawrenson,2021,E0,2022-01-16,west_ham,leeds,2,0
lawrenson,2021,E0,2022-01-18,brighton,chelsea,0,0
lawrenson,2021,E0,2022-01-19,brentford,man_united,0,1
lawrenson,2021,E0,2022-01-19,leicester,tottenham,1,2
lawrenson,2021,E0,2022-01-21,watford,norwich,2,1
lawrenson,2021,E0,2022-01-22,brentford,wolves,0,1
lawrenson,2021,E0,2022-01-22,everton,aston_villa,2,1
lawrenson,2021,E0,2022-01-22,leeds,newcastle,2,0
lawrenson,2021,E0,2022-01-22,man_united,west_ham,2,1
lawrenson,2021,E0,2022-01-22,southampton,man_city,0,2
lawrenson,2021,E0,2022-01-23,arsenal,burnley,1,1
lawrenson,2021,E0,2022-01-23,chelsea,tottenham,2,1
lawrenson,2021,E0,2022-01-23,crystal_palace,liverpool,1,1
lawrenson,2021,E0,2022-01-23,leicester,brighton,2,1
lawrenson,2021,E0,2022-02-05,burnley,watford,1,1
lawrenson,2021,E0,2022-02-08,burnley,man_united,0,2
lawrenson,2021,E0,2022-02-08,newcastle,everton,1,1
lawrenson,2021,E0,2022-02-08,west_ham,watford,2,0
lawrenson,2021,E0,2022-02-09,aston_villa,leeds,2,1
lawrenson,2021,E0,2022-02-09,man_city,brentford,4,1
lawrenson,2021,E0,2022-02-09,norwich,crystal_palace,2,1
lawrenson,2021,E0,2022-02-09,tottenham,southampton,2,0
lawrenson,2021,E0,2022-02-10,liverpool,leicester,3,0
lawrenson,2021,E0,2022-02-10,wolves,arsenal,2,0
lawrenson,2021,E0,2022-02-12,brentford,crystal_palace,2,1
lawrenson,2021,E0,2022-02-12,everton,leeds,1,0
lawrenson,2021,E0,2022-02-12,man_united,southampton,2,1
lawrenson,2021,E0,2022-02-12,norwich,man_city,0,3
lawrenson,2021,E0,2022-02-12,watford,brighton,1,1
lawrenson,2021,E0,2022-02-13,burnley,liverpool,0,2
lawrenson,2021,E0,2022-02-13,leicester,west_ham,1,1
lawrenson,2021,E0,2022-02-13,newcastle,aston_villa,1,1
lawrenson,2021,E0,2022-02-13,tottenham,wolves,2,0
lawrenson,2021,E0,2022-02-15,man_united,brighton,0,0
lawrenson,2021,E0,2022-02-19,arsenal,brentford,2,0
lawrenson,2021,E0,2022-02-19,aston_villa,watford,2,1
lawrenson,2021,E0,2022-02-19,brighton,burnley,1,0
lawrenson,2021,E0,2022-02-19,crystal_palace,chelsea,1,2
lawrenson,2021,E0,2022-02-19,liverpool,norwich,3,0
lawrenson,2021,E0,2022-02-19,man_city,tottenham,2,0
lawrenson,2021,E0,2022-02-19,southampton,everton,1,1
lawrenson,2021,E0,2022-02-19,west_ham,newcastle,2,0
lawrenson,2021,E0,2022-02-20,leeds,man_united,1,2
lawrenson,2021,E0,2022-02-20,wolves,leicester,1,1
lawrenson,2021,E0,2022-02-23,burnley,tottenham,1,2
lawrenson,2021,E0,2022-02-23,liverpool,leeds,4,0
lawrenson,2021,E0,2022-02-23,watford,crystal_palace,1,1
lawrenson,2021,E0,2022-02-24,arsenal,wolves,2,1
lawrenson,2021,E0,2022-02-25,southampton,norwich,2,0
lawrenson,2021,E0,2022-02-26,brentford,newcastle,2,1
lawrenson,2021,E0,2022-02-26,brighton,aston_villa,1,1
lawrenson,2021,E0,2022-02-26,crystal_palace,burnley,1,1
lawrenson,2021,E0,2022-02-26,everton,man_city,0,3
lawrenson,2021,E0,2022-02-26,leeds,tottenham,0,2
lawrenson,2021,E0,2022-02-26,man_united,watford,3,0
lawrenson,2021,E0,2022-02-27,west_ham,wolves,2,1
lawrenson,2021,E0,2022-03-01,burnley,leicester,1,1
lawrenson,2021,E0,2022-03-05,aston_villa,southampton,2,1
lawrenson,2021,E0,2022-03-05,burnley,chelsea,0,1
lawrenson,2021,E0,2022-03-05,leicester,leeds,2,0
lawrenson,2021,E0,2022-03-05,liverpool,west_ham,2,0
lawrenson,2021,E0,2022-03-05,newcastle,brighton,2,0
lawrenson,2021,E0,2022-03-05,norwich,brentford,1,1
lawrenson,2021,E0,2022-03-05,wolves,crystal_palace,2,1
lawrenson,2021,E0,2022-03-06,man_city,man_united,2,1
lawrenson,2021,E0,2022-03-06,watford,arsenal,1,2
lawrenson,2021,E0,2022-03-07,tottenham,everton,2,0
lawrenson,2021,E0,2022-03-10,leeds,aston_villa,1,1
lawrenson,2021,E0,2022-03-10,norwich,chelsea,0,2
lawrenson,2021,E0,2022-03-10,southampton,newcastle,1,1
lawrenson,2021,E0,2022-03-10,wolves,watford,2,1
lawrenson,2021,E0,2022-03-12,brentford,burnley,2,1
lawrenson,2021,E0,2022-03-12,brighton,liverpool,0,2
lawrenson,2021,E0,2022-03-12,man_united,tottenham,1,2
lawrenson,2021,E0,2022-03-13,arsenal,leicester,2,0
lawrenson,2021,E0,2022-03-13,chelsea,newcastle,2,0
lawrenson,2021,E0,2022-03-13,everton,wolves,1,0
lawrenson,2021,E0,2022-03-13,leeds,norwich,2,0
lawrenson,2021,E0,2022-03-13,southampton,watford,2,0
lawrenson,2021,E0,2022-03-13,west_ham,aston_villa,1,1
lawrenson,2021,E0,2022-03-14,crystal_palace,man_city,0,3
lawrenson,2021,E0,2022-03-16,arsenal,liverpool,0,2
lawrenson,2021,E0,2022-03-16,brighton,tottenham,0,2
lawrenson,2021,E0,2022-03-17,everton,newcastle,0,0
lawrenson,2021,E0,2022-03-18,wolves,leeds,1,1
lawrenson,2021,E0,2022-03-19,aston_villa,arsenal,2,1
lawrenson,2021,E0,2022-03-20,leicester,brentford,1,2
lawrenson,2021,E0,2022-03-20,tottenham,west_ham,2,1
lawrenson,2021,E0,2022-04-02,brighton,norwich,2,0
lawrenson,2021,E0,2022-04-02,burnley,man_city,0,2
lawrenson,2021,E0,2022-04-02,chelsea,brentford,2,0
lawrenson,2021,E0,2022-04-02,leeds,southampton,1,1
lawrenson,2021,E0,2022-04-02,liverpool,watford,3,0
lawrenson,2021,E0,2022-04-02,man_united,leicester,2,0
lawrenson,2021,E0,2022-04-02,wolves,aston_villa,1,1
lawrenson,2021,E0,2022-04-03,tottenham,newcastle,2,0
lawrenson,2021,E0,2022-04-03,west_ham,everton,2,1
lawrenson,2021,E0,2022-04-04,crystal_palace,arsenal,1,1
lawrenson,2021,E0,2022-04-06,burnley,everton,1,1
lawrenson,2021,E0,2022-04-08,newcastle,wolves,0,2
lawrenson,2021,E0,2022-04-09,arsenal,brighton,2,0
lawrenson,2021,E0,2022-04-09,aston_villa,tottenham,1,2
lawrenson,2021,E0,2022-04-09,everton,man_united,1,1
lawrenson,2021,E0,2022-04-09,southampton,chelsea,1,2
lawrenson,2021,E0,2022-04-09,watford,leeds,1,2
lawrenson,2021,E0,2022-04-10,brentford,west_ham,2,1
lawrenson,2021,E0,2022-04-10,leicester,crystal_palace,0,2
lawrenson,2021,E0,2022-04-10,man_city,liverpool,2,2
lawrenson,2021,E0,2022-04-10,norwich,burnley,0,2
lawrenson,2021,E0,2022-04-16,man_united,norwich,2,0
lawrenson,2021,E0,2022-04-16,southampton,arsenal,1,1
lawrenson,2021,E0,2022-04-16,tottenham,brighton,2,0
lawrenson,2021,E0,2022-04-16,watford,brentford,1,2
lawrenson,2021,E0,2022-04-17,newcastle,leicester,2,1
lawrenson,2021,E0,2022-04-17,west_ham,burnley,1,1
lawrenson,2021,E0,2022-04-19,liverpool,man_united,2,0
lawrenson,2021,E0,2022-04-20,chelsea,arsenal,2,1
lawrenson,2021,E0,2022-04-20,everton,leicester,1,1
lawrenson,2021,E0,2022-04-20,man_city,brighton,2,0
lawrenson,2021,E0,2022-04-20,newcastle,crystal_palace,2,1
lawrenson,2021,E0,2022-04-21,burnley,southampton,1,2
lawrenson,2021,E0,2022-04-23,arsenal,man_united,1,1
lawrenson,2021,E0,2022-04-23,brentford,tottenham,1,2
lawrenson,2021,E0,2022-04-23,leicester,aston_villa,1,2
lawrenson,2021,E0,2022-04-23,man_city,watford,4,0
lawrenson,2021,E0,2022-04-23,norwich,newcastle,1,2
lawrenson,2021,E0,2022-04-24,brighton,southampton,1,0
lawrenson,2021,E0,2022-04-24,burnley,wolves,0,2
lawrenson,2021,E0,2022-04-24,chelsea,west_ham,1,1
lawrenson,2021,E0,2022-04-24,liverpool,everton,2,0
lawrenson,2021,E0,2022-04-25,crystal_palace,leeds,1,2
lawrenson,2021,E0,2022-04-28,man_united,chelsea,0,2
lawrenson,2021,E0,2022-04-30,aston_villa,norwich,2,0
lawrenson,2021,E0,2022-04-30,leeds,man_city,0,2
lawrenson,2021,E0,2022-04-30,newcastle,liverpool,0,2
lawrenson,2021,E0,2022-04-30,southampton,crystal_palace,2,1
lawrenson,2021,E0,2022-04-30,watford,burnley,2,1
lawrenson,2021,E0,2022-04-30,wolves,brighton,2,1
lawrenson,2021,E0,2022-05-01,everton,chelsea,1,1
lawrenson,2021,E0,2022-05-01,tottenham,leicester,2,0
lawrenson,2021,E0,2022-05-01,west_ham,arsenal,1,2
lawrenson,2021,E0,2022-05-02,man_united,brentford,2,0
lawrenson,2021,E0,2022-05-07,brentford,southampton,1,2
lawrenson,2021,E0,2022-05-07,brighton,man_united,0,2
lawrenson,2021,E0,2022-05-07,burnley,aston_villa,1,1
lawrenson,2021,E0,2022-05-07,chelsea,wolves,2,0
lawrenson,2021,E0,2022-05-07,crystal_palace,watford,2,1
lawrenson,2021,E0,2022-05-07,liverpool,tottenham,2,1
lawrenson,2021,E0,2022-05-08,arsenal,leeds,2,0
lawrenson,2021,E0,2022-05-08,leicester,everton,0,2
lawrenson,2021,E0,2022-05-08,man_city,newcastle,3,0
lawrenson,2021,E0,2022-05-08,norwich,west_ham,1,1
lawrenson,2021,E0,2022-05-10,aston_villa,liverpool,1,2
lawrenson,2021,E0,2022-05-11,leeds,chelsea,0,2
lawrenson,2021,E0,2022-05-11,leicester,norwich,2,0
lawrenson,2021,E0,2022-05-11,watford,everton,0,2
lawrenson,2021,E0,2022-05-11,wolves,man_city,0,2
lawrenson,2021,E0,2022-05-12,tottenham,arsenal,1,1
lawrenson,2021,E0,2022-05-15,aston_villa,crystal_palace,2,1
lawrenson,2021,E0,2022-05-15,everton,brentford,2,0
lawrenson,2021,E0,2022-05-15,leeds,brighton,1,1
lawrenson,2021,E0,2022-05-15,tottenham,burnley,3,0
lawrenson,2021,E0,2022-05-15,watford,leicester,0,2
lawrenson,2021,E0,2022-05-15,west_ham,man_city,1,2
lawrenson,2021,E0,2022-05-15,wolves,norwich,2,0
lawrenson,2021,E0,2022-05-16,newcastle,arsenal,1,1
lawrenson,2021,E0,2022-05-17,southampton,liverpool,1,2
lawrenson,2021,E0,2022-05-19,aston_villa,burnley,1,0
lawrenson,2021,E0,2022-05-19,chelsea,leicester,2,1
lawrenson,2021,E0,2022-05-19,everton,crystal_palace,1,0
lawrenson,2021,E0,2022-05-22,arsenal,everton,2,1
lawrenson,2021,E0,2022-05-22,brentford,leeds,2,1
lawrenson,2021,E0,2022-05-22,brighton,west_ham,1,1
lawrenson,2021,E0,2022-05-22,burnley,newcastle,1,1
lawrenson,2021,E0,2022-05-22,chelsea,watford,2,0
lawrenson,2021,E0,2022-05-22,crystal_palace,man_united,0,2
lawrenson,2021,E0,2022-05-22,leicester,southampton,2,0
lawrenson,2021,E0,2022-05-22,liverpool,wolves,2,0
lawrenson,2021,E0,2022-05-22,man_city,aston_villa,3,0
lawrenson,2021,E0,2022-05-22,norwich,tottenham,0,2
sutton,2022,E0,2022-08-05,crystal_palace,arsenal,1,2
sutton,2022,E0,2022-08-06,bournemouth,aston_villa,0,1
sutton,2022,E0,2022-08-06,everton,chelsea,0,2
sutton,2022,E0,2022-08-06,fulham,liverpool,0,3
sutton,2022,E0,2022-08-06,leeds,wolves,0,0
sutton,2022,E0,2022-08-06,newcastle,nottm_forest,1,0
sutton,2022,E0,2022-08-06,tottenham,southampton,2,1
sutton,2022,E0,2022-08-07,leicester,brentford,1,1
sutton,2022,E0,2022-08-07,man_united,brighton,1,1
sutton,2022,E0,2022-08-07,west_ham,man_city,0,3
sutton,2022,E0,2022-08-13,arsenal,leicester,2,1
sutton,2022,E0,2022-08-13,aston_villa,everton,1,1
sutton,2022,E0,2022-08-13,brentford,man_united,3,0
sutton,2022,E0,2022-08-13,brighton,newcastle,1,1
sutton,2022,E0,2022-08-13,man_city,bournemouth,5,0
sutton,2022,E0,2022-08-13,southampton,leeds,2,1
sutton,2022,E0,2022-08-13,wolves,fulham,1,1
sutton,2022,E0,2022-08-14,chelsea,tottenham,1,2
sutton,2022,E0,2022-08-14,nottm_forest,west_ham,1,2
sutton,2022,E0,2022-08-15,liverpool,crystal_palace,4,0
sutton,2022,E0,2022-08-20,bournemouth,arsenal,0,2
sutton,2022,E0,2022-08-20,crystal_palace,aston_villa,1,1
sutton,2022,E0,2022-08-20,everton,nottm_forest,2,0
sutton,2022,E0,2022-08-20,fulham,brentford,1,1
sutton,2022,E0,2022-08-20,leicester,southampton,2,1
sutton,2022,E0,2022-08-20,tottenham,wolves,3,1
sutton,2022,E0,2022-08-21,leeds,chelsea,0,1
sutton,2022,E0,2022-08-21,newcastle,man_city,1,3
sutton,2022,E0,2022-08-21,west_ham,brighton,1,1
sutton,2022,E0,2022-08-22,man_united,liverpool,1,5
sutton,2022,E0,2022-08-27,arsenal,fulham,2,0
sutton,2022,E0,2022-08-27,brentford,everton,1,0
sutton,2022,E0,2022-08-27,brighton,leeds,1,1
sutton,2022,E0,2022-08-27,chelsea,leicester,2,1
sutton,2022,E0,2022-08-27,liverpool,bournemouth,3,0
sutton,2022,E0,2022-08-27,man_city,crystal_palace,3,1
sutton,2022,E0,2022-08-27,southampton,man_united,1,2
sutton,2022,E0,2022-08-28,aston_villa,west_ham,1,1
sutton,2022,E0,2022-08-28,nottm_forest,tottenham,0,5
sutton,2022,E0,2022-08-28,wolves,newcastle,1,2
sutton,2022,E0,2022-08-30,crystal_palace,brentford,1,1
sutton,2022,E0,2022-08-30,fulham,brighton,0,1
sutton,2022,E0,2022-08-30,leeds,everton,2,0
sutton,2022,E0,2022-08-30,southampton,chelsea,1,2
sutton,2022,E0,2022-08-31,arsenal,aston_villa,3,0
sutton,2022,E0,2022-08-31,bournemouth,wolves,0,1
sutton,2022,E0,2022-08-31,liverpool,newcastle,4,0
sutton,2022,E0,2022-08-31,man_city,nottm_forest,6,0
sutton,2022,E0,2022-08-31,west_ham,tottenham,2,2
sutton,2022,E0,2022-09-01,leicester,man_united,1,2
sutton,2022,E0,2022-09-03,aston_villa,man_city,0,5
sutton,2022,E0,2022-09-03,brentford,leeds,1,1
sutton,2022,E0,2022-09-03,chelsea,west_ham,1,1
sutton,2022,E0,2022-09-03,everton,liverpool,1,2
sutton,2022,E0,2022-09-03,newcastle,crystal_palace,2,1
sutton,2022,E0,2022-09-03,nottm_forest,bournemouth,1,0
sutton,2022,E0,2022-09-03,tottenham,fulham,3,1
sutton,2022,E0,2022-09-03,wolves,southampton,2,1
sutton,2022,E0,2022-09-04,brighton,leicester,2,1
sutton,2022,E0,2022-09-04,man_united,arsenal,2,3
sutton,2022,E0,2022-09-16,aston_villa,southampton,2,1
sutton,2022,E0,2022-09-16,nottm_forest,fulham,0,2
sutton,2022,E0,2022-09-17,newcastle,bournemouth,4,0
sutton,2022,E0,2022-09-17,tottenham,leicester,4,1
sutton,2022,E0,2022-09-17,wolves,man_city,1,3
sutton,2022,E0,2022-09-18,brentford,arsenal,1,1
sutton,2022,E0,2022-09-18,everton,west_ham,1,2
sutton,2022,E0,2022-10-01,arsenal,tottenham,3,2
sutton,2022,E0,2022-10-01,bournemouth,brentford,0,1
sutton,2022,E0,2022-10-01,crystal_palace,chelsea,1,2
sutton,2022,E0,2022-10-01,fulham,newcastle,1,1
sutton,2022,E0,2022-10-01,liverpool,brighton,3,1
sutton,2022,E0,2022-10-01,southampton,everton,1,1
sutton,2022,E0,2022-10-01,west_ham,wolves,1,0
sutton,2022,E0,2022-10-02,leeds,aston_villa,2,1
sutton,2022,E0,2022-10-02,man_city,man_united,4,1
sutton,2022,E0,2022-10-03,leicester,nottm_forest,2,1
sutton,2022,E0,2022-10-08,bournemouth,leicester,1,2
sutton,2022,E0,2022-10-08,brighton,tottenham,1,1
sutton,2022,E0,2022-10-08,chelsea,wolves,2,0
sutton,2022,E0,2022-10-08,man_city,southampton,4,0
sutton,2022,E0,2022-10-08,newcastle,brentford,2,1
sutton,2022,E0,2022-10-09,arsenal,liverpool,4,1
sutton,2022,E0,2022-10-09,crystal_palace,leeds,1,0
sutton,2022,E0,2022-10-09,everton,man_united,1,1
sutton,2022,E0,2022-10-09,west_ham,fulham,2,1
sutton,2022,E0,2022-10-10,nottm_forest,aston_villa,0,1
sutton,2022,E0,2022-10-14,brentford,brighton,1,2
sutton,2022,E0,2022-10-15,fulham,bournemouth,2,1
sutton,2022,E0,2022-10-15,leicester,crystal_palace,2,2
sutton,2022,E0,2022-10-15,tottenham,everton,3,1
sutton,2022,E0,2022-10-15,wolves,nottm_forest,2,0
sutton,2022,E0,2022-10-16,aston_villa,chelsea,0,2
sutton,2022,E0,2022-10-16,leeds,arsenal,1,3
sutton,2022,E0,2022-10-16,liverpool,man_city,1,4
sutton,2022,E0,2022-10-16,man_united,newcastle,1,1
sutton,2022,E0,2022-10-16,southampton,west_ham,1,2
sutton,2022,E0,2022-10-18,brighton,nottm_forest,2,0
sutton,2022,E0,2022-10-18,crystal_palace,wolves,1,1
sutton,2022,E0,2022-10-19,bournemouth,southampton,2,1
sutton,2022,E0,2022-10-19,brentford,chelsea,1,1
sutton,2022,E0,2022-10-19,liverpool,west_ham,3,1
sutton,2022,E0,2022-10-19,man_united,tottenham,1,3
sutton,2022,E0,2022-10-19,newcastle,everton,2,0
sutton,2022,E0,2022-10-20,fulham,aston_villa,1,1
sutton,2022,E0,2022-10-20,leicester,leeds,1,4
sutton,2022,E0,2022-10-22,chelsea,man_united,1,0
sutton,2022,E0,2022-10-22,everton,crystal_palace,1,0
sutton,2022,E0,2022-10-22,man_city,brighton,5,1
sutton,2022,E0,2022-10-22,nottm_forest,liverpool,0,2
sutton,2022,E0,2022-10-23,aston_villa,brentford,1,1
sutton,2022,E0,2022-10-23,leeds,fulham,2,1
sutton,2022,E0,2022-10-23,southampton,arsenal,0,2
sutton,2022,E0,2022-10-23,tottenham,newcastle,1,2
sutton,2022,E0,2022-10-23,wolves,leicester,1,1
sutton,2022,E0,2022-10-24,west_ham,bournemouth,2,1
sutton,2022,E0,2022-10-29,bournemouth,tottenham,0,1
sutton,2022,E0,2022-10-29,brentford,wolves,2,1
sutton,2022,E0,2022-10-29,brighton,chelsea,1,1
sutton,2022,E0,2022-10-29,crystal_palace,southampton,2,1
sutton,2022,E0,2022-10-29,fulham,everton,1,1
sutton,2022,E0,2022-10-29,leicester,man_city,1,3
sutton,2022,E0,2022-10-29,liverpool,leeds,6,1
sutton,2022,E0,2022-10-29,newcastle,aston_villa,2,0
sutton,2022,E0,2022-10-30,arsenal,nottm_forest,2,0
sutton,2022,E0,2022-10-30,man_united,west_ham,2,1
sutton,2022,E0,2022-11-05,everton,leicester,2,1
sutton,2022,E0,2022-11-05,leeds,bournemouth,2,1
sutton,2022,E0,2022-11-05,man_city,fulham,3,0
sutton,2022,E0,2022-11-05,nottm_forest,brentford,1,1
sutton,2022,E0,2022-11-05,wolves,brighton,0,1
sutton,2022,E0,2022-11-06,aston_villa,man_united,0,1
sutton,2022,E0,2022-11-06,chelsea,arsenal,1,1
sutton,2022,E0,2022-11-06,southampton,newcastle,0,2
sutton,2022,E0,2022-11-06,tottenham,liverpool,1,2
sutton,2022,E0,2022-11-06,west_ham,crystal_palace,2,1
sutton,2022,E0,2022-11-12,bournemouth,everton,1,1
sutton,2022,E0,2022-11-12,liverpool,southampton,3,0
sutton,2022,E0,2022-11-12,man_city,brentford,4,0
sutton,2022,E0,2022-11-12,newcastle,chelsea,1,0
sutton,2022,E0,2022-11-12,nottm_forest,crystal_palace,1,2
sutton,2022,E0,2022-11-12,tottenham,leeds,3,1
sutton,2022,E0,2022-11-12,west_ham,leicester,1,1
sutton,2022,E0,2022-11-12,wolves,arsenal,0,2
sutton,2022,E0,2022-11-13,brighton,aston_villa,2,1
sutton,2022,E0,2022-11-13,fulham,man_united,2,1
sutton,2022,E0,2022-12-26,arsenal,west_ham,1,1
sutton,2022,E0,2022-12-26,aston_villa,liverpool,1,0
sutton,2022,E0,2022-12-26,brentford,tottenham,1,1
sutton,2022,E0,2022-12-26,crystal_palace,fulham,2,1
sutton,2022,E0,2022-12-26,everton,wolves,1,0
sutton,2022,E0,2022-12-26,leicester,newcastle,1,2
sutton,2022,E0,2022-12-26,southampton,brighton,2,2
sutton,2022,E0,2022-12-27,chelsea,bournemouth,2,0
sutton,2022,E0,2022-12-27,man_united,nottm_forest,1,0
sutton,2022,E0,2022-12-28,leeds,man_city,0,4
sutton,2022,E0,2022-12-30,liverpool,leicester,3,1
sutton,2022,E0,2022-12-30,west_ham,brentford,1,1
sutton,2022,E0,2022-12-31,bournemouth,crystal_palace,1,1
sutton,2022,E0,2022-12-31,brighton,arsenal,2,1
sutton,2022,E0,2022-12-31,fulham,southampton,2,0
sutton,2022,E0,2022-12-31,man_city,everton,5,0
sutton,2022,E0,2022-12-31,newcastle,leeds,2,0
sutton,2022,E0,2022-12-31,wolves,man_united,1,2
sutton,2022,E0,2023-01-01,nottm_forest,chelsea,1,2
sutton,2022,E0,2023-01-01,tottenham,aston_villa,2,2
sutton,2022,E0,2023-01-02,brentford,liverpool,1,2
sutton,2022,E0,2023-01-03,arsenal,newcastle,2,1
sutton,2022,E0,2023-01-03,everton,brighton,1,1
sutton,2022,E0,2023-01-03,leicester,fulham,2,0
sutton,2022,E0,2023-01-03,man_united,bournemouth,3,0
sutton,2022,E0,2023-01-04,aston_villa,wolves,1,1
sutton,2022,E0,2023-01-04,crystal_palace,tottenham,1,2
sutton,2022,E0,2023-01-04,leeds,west_ham,2,1
sutton,2022,E0,2023-01-04,southampton,nottm_forest,1,1
sutton,2022,E0,2023-01-05,chelsea,man_city,0,3
sutton,2022,E0,2023-01-12,fulham,chelsea,1,1
sutton,2022,E0,2023-01-13,aston_villa,leeds,2,1
sutton,2022,E0,2023-01-14,brentford,bournemouth,2,0
sutton,2022,E0,2023-01-14,brighton,liverpool,2,2
sutton,2022,E0,2023-01-14,everton,southampton,1,0
sutton,2022,E0,2023-01-14,man_united,man_city,1,2
sutton,2022,E0,2023-01-14,nottm_forest,leicester,2,1
sutton,2022,E0,2023-01-14,wolves,west_ham,2,0
sutton,2022,E0,2023-01-15,chelsea,crystal_palace,2,1
sutton,2022,E0,2023-01-15,newcastle,fulham,3,0
sutton,2022,E0,2023-01-15,tottenham,arsenal,0,3
sutton,2022,E0,2023-01-18,crystal_palace,man_united,0,1
sutton,2022,E0,2023-01-19,man_city,tottenham,3,1
sutton,2022,E0,2023-01-21,bournemouth,nottm_forest,0,1
sutton,2022,E0,2023-01-21,crystal_palace,newcastle,1,1
sutton,2022,E0,2023-01-21,leicester,brighton,1,2
sutton,2022,E0,2023-01-21,liverpool,chelsea,1,1
sutton,2022,E0,2023-01-21,southampton,aston_villa,1,1
sutton,2022,E0,2023-01-21,west_ham,everton,0,0
sutton,2022,E0,2023-01-22,arsenal,man_united,3,1
sutton,2022,E0,2023-01-22,leeds,brentford,2,2
sutton,2022,E0,2023-01-22,man_city,wolves,2,0
sutton,2022,E0,2023-01-23,fulham,tottenham,2,1
sutton,2022,E0,2023-02-03,chelsea,fulham,2,1
sutton,2022,E0,2023-02-04,aston_villa,leicester,1,1
sutton,2022,E0,2023-02-04,brentford,southampton,2,1
sutton,2022,E0,2023-02-04,brighton,bournemouth,3,0
sutton,2022,E0,2023-02-04,everton,arsenal,0,2
sutton,2022,E0,2023-02-04,man_united,crystal_palace,2,0
sutton,2022,E0,2023-02-04,newcastle,west_ham,1,0
sutton,2022,E0,2023-02-04,wolves,liverpool,0,0
sutton,2022,E0,2023-02-05,nottm_forest,leeds,2,2
sutton,2022,E0,2023-02-05,tottenham,man_city,1,3
sutton,2022,E0,2023-02-11,arsenal,brentford,2,1
sutton,2022,E0,2023-02-11,bournemouth,newcastle,0,2
sutton,2022,E0,2023-02-11,crystal_palace,brighton,1,1
sutton,2022,E0,2023-02-11,fulham,nottm_forest,2,1
sutton,2022,E0,2023-02-11,leicester,tottenham,1,2
sutton,2022,E0,2023-02-11,southampton,wolves,0,1
sutton,2022,E0,2023-02-11,west_ham,chelsea,1,1
sutton,2022,E0,2023-02-12,leeds,man_united,2,1
sutton,2022,E0,2023-02-12,man_city,aston_villa,2,0
sutton,2022,E0,2023-02-13,liverpool,everton,1,2
sutton,2022,E0,2023-02-15,arsenal,man_city,2,1
sutton,2022,E0,2023-02-18,aston_villa,arsenal,1,2
sutton,2022,E0,2023-02-18,brentford,crystal_palace,2,0
sutton,2022,E0,2023-02-18,brighton,fulham,3,1
sutton,2022,E0,2023-02-18,chelsea,southampton,2,0
sutton,2022,E0,2023-02-18,everton,leeds,1,1
sutton,2022,E0,2023-02-18,newcastle,liverpool,1,1
sutton,2022,E0,2023-02-18,nottm_forest,man_city,0,2
sutton,2022,E0,2023-02-18,wolves,bournemouth,1,0
sutton,2022,E0,2023-02-19,man_united,leicester,2,1
sutton,2022,E0,2023-02-19,tottenham,west_ham,3,1
sutton,2022,E0,2023-02-24,fulham,wolves,1,0
sutton,2022,E0,2023-02-25,bournemouth,man_city,1,4
sutton,2022,E0,2023-02-25,crystal_palace,liverpool,1,1
sutton,2022,E0,2023-02-25,everton,aston_villa,1,1
sutton,2022,E0,2023-02-25,leeds,southampton,2,1
sutton,2022,E0,2023-02-25,leicester,arsenal,1,3
sutton,2022,E0,2023-02-25,west_ham,nottm_forest,1,1
sutton,2022,E0,2023-02-26,tottenham,chelsea,1,2
sutton,2022,E0,2023-03-01,arsenal,everton,2,0
sutton,2022,E0,2023-03-01,liverpool,wolves,1,1
sutton,2022,E0,2023-03-04,arsenal,bournemouth,3,0
sutton,2022,E0,2023-03-04,aston_villa,crystal_palace,2,0
sutton,2022,E0,2023-03-04,brighton,west_ham,2,1
sutton,2022,E0,2023-03-04,chelsea,leeds,1,0
sutton,2022,E0,2023-03-04,man_city,newcastle,3,1
sutton,2022,E0,2023-03-04,southampton,leicester,1,1
sutton,2022,E0,2023-03-04,wolves,tottenham,1,1
sutton,2022,E0,2023-03-05,liverpool,man_united,1,2
sutton,2022,E0,2023-03-05,nottm_forest,everton,1,1
sutton,2022,E0,2023-03-06,brentford,fulham,2,1
sutton,2022,E0,2023-03-11,bournemouth,liverpool,0,2
sutton,2022,E0,2023-03-11,crystal_palace,man_city,1,2
sutton,2022,E0,2023-03-11,everton,brentford,1,1
sutton,2022,E0,2023-03-11,leeds,brighton,1,2
sutton,2022,E0,2023-03-11,leicester,chelsea,0,1
sutton,2022,E0,2023-03-11,tottenham,nottm_forest,3,1
sutton,2022,E0,2023-03-12,fulham,arsenal,1,2
sutton,2022,E0,2023-03-12,man_united,southampton,3,0
sutton,2022,E0,2023-03-12,newcastle,wolves,1,0
sutton,2022,E0,2023-03-12,west_ham,aston_villa,1,1
sutton,2022,E0,2023-03-15,southampton,brentford,2,2
sutton,2022,E0,2023-03-17,nottm_forest,newcastle,0,1
sutton,2022,E0,2023-03-18,aston_villa,bournemouth,2,0
sutton,2022,E0,2023-03-18,brentford,leicester,2,1
sutton,2022,E0,2023-03-18,chelsea,everton,2,0
sutton,2022,E0,2023-03-18,southampton,tottenham,0,2
sutton,2022,E0,2023-03-18,wolves,leeds,1,0
sutton,2022,E0,2023-03-19,arsenal,crystal_palace,2,0
sutton,2022,E0,2023-04-01,arsenal,leeds,2,0
sutton,2022,E0,2023-04-01,bournemouth,fulham,1,1
sutton,2022,E0,2023-04-01,brighton,brentford,2,1
sutton,2022,E0,2023-04-01,chelsea,aston_villa,2,1
sutton,2022,E0,2023-04-01,crystal_palace,leicester,1,1
sutton,2022,E0,2023-04-01,man_city,liverpool,3,1
sutton,2022,E0,2023-04-01,nottm_forest,wolves,0,1
sutton,2022,E0,2023-04-02,newcastle,man_united,2,1
sutton,2022,E0,2023-04-02,west_ham,southampton,1,1
sutton,2022,E0,2023-04-03,everton,tottenham,2,1
sutton,2022,E0,2023-04-04,bournemouth,brighton,1,2
sutton,2022,E0,2023-04-04,chelsea,liverpool,1,0
sutton,2022,E0,2023-04-04,leeds,nottm_forest,2,0
sutton,2022,E0,2023-04-04,leicester,aston_villa,2,2
sutton,2022,E0,2023-04-05,man_united,brentford,2,1
sutton,2022,E0,2023-04-05,west_ham,newcastle,0,1
sutton,2022,E0,2023-04-08,aston_villa,nottm_forest,2,0
sutton,2022,E0,2023-04-08,brentford,newcastle,1,2
sutton,2022,E0,2023-04-08,fulham,west_ham,1,1
sutton,2022,E0,2023-04-08,leicester,bournemouth,2,1
sutton,2022,E0,2023-04-08,man_united,everton,2,1
sutton,2022,E0,2023-04-08,southampton,man_city,0,3
sutton,2022,E0,2023-04-08,tottenham,brighton,1,2
sutton,2022,E0,2023-04-08,wolves,chelsea,1,1
sutton,2022,E0,2023-04-09,leeds,crystal_palace,1,0
sutton,2022,E0,2023-04-09,liverpool,arsenal,1,3
sutton,2022,E0,2023-04-15,aston_villa,newcastle,1,2
sutton,2022,E0,2023-04-15,chelsea,brighton,1,2
sutton,2022,E0,2023-04-15,everton,fulham,1,0
sutton,2022,E0,2023-04-15,man_city,leicester,3,0
sutton,2022,E0,2023-04-15,southampton,crystal_palace,1,1
sutton,2022,E0,2023-04-15,tottenham,bournemouth,2,0
sutton,2022,E0,2023-04-15,wolves,brentford,1,1
sutton,2022,E0,2023-04-16,nottm_forest,man_united,1,1
sutton,2022,E0,2023-04-16,west_ham,arsenal,0,2
sutton,2022,E0,2023-04-17,leeds,liverpool,1,1
sutton,2022,E0,2023-04-21,arsenal,southampton,2,0
sutton,2022,E0,2023-04-22,brentford,aston_villa,1,2
sutton,2022,E0,2023-04-22,crystal_palace,everton,1,1
sutton,2022,E0,2023-04-22,fulham,leeds,2,1
sutton,2022,E0,2023-04-22,leicester,wolves,1,1
sutton,2022,E0,2023-04-22,liverpool,nottm_forest,3,0
sutton,2022,E0,2023-04-23,bournemouth,west_ham,0,0
sutton,2022,E0,2023-04-23,newcastle,tottenham,3,1
sutton,2022,E0,2023-04-25,aston_villa,fulham,2,1
sutton,2022,E0,2023-04-25,leeds,leicester,2,1
sutton,2022,E0,2023-04-25,wolves,crystal_palace,1,1
sutton,2022,E0,2023-04-26,chelsea,brentford,1,1
sutton,2022,E0,2023-04-26,man_city,arsenal,3,1
sutton,2022,E0,2023-04-26,nottm_forest,brighton,1,2
sutton,2022,E0,2023-04-26,west_ham,liverpool,2,2
sutton,2022,E0,2023-04-27,everton,newcastle,0,2
sutton,2022,E0,2023-04-27,southampton,bournemouth,2,1
sutton,2022,E0,2023-04-27,tottenham,man_united,1,3
sutton,2022,E0,2023-04-29,brentford,nottm_forest,2,0
sutton,2022,E0,2023-04-29,brighton,wolves,2,1
sutton,2022,E0,2023-04-29,crystal_palace,west_ham,1,1
sutton,2022,E0,2023-04-30,bournemouth,leeds,1,1
sutton,2022,E0,2023-04-30,fulham,man_city,1,3
sutton,2022,E0,2023-04-30,liverpool,tottenham,3,1
sutton,2022,E0,2023-04-30,man_united,aston_villa,1,2
sutton,2022,E0,2023-04-30,newcastle,southampton,5,0
sutton,2022,E0,2023-05-01,leicester,everton,2,1
sutton,2022,E0,2023-05-02,arsenal,chelsea,2,1
sutton,2022,E0,2023-05-06,bournemouth,chelsea,1,1
sutton,2022,E0,2023-05-06,liverpool,brentford,1,2
sutton,2022,E0,2023-05-06,man_city,leeds,3,0
sutton,2022,E0,2023-05-06,tottenham,crystal_palace,2,1
sutton,2022,E0,2023-05-06,wolves,aston_villa,0,1
sutton,2022,E0,2023-05-07,newcastle,arsenal,2,1
sutton,2022,E0,2023-05-07,west_ham,man_united,1,2
sutton,2022,E0,2023-05-08,brighton,everton,2,0
sutton,2022,E0,2023-05-08,fulham,leicester,2,1
sutton,2022,E0,2023-05-08,nottm_forest,southampton,2,1
sutton,2022,E0,2023-05-13,aston_villa,tottenham,2,1
sutton,2022,E0,2023-05-13,chelsea,nottm_forest,2,1
sutton,2022,E0,2023-05-13,crystal_palace,bournemouth,1,1
sutton,2022,E0,2023-05-13,leeds,newcastle,1,3
sutton,2022,E0,2023-05-13,man_united,wolves,2,0
sutton,2022,E0,2023-05-13,southampton,fulham,1,2
sutton,2022,E0,2023-05-14,arsenal,brighton,2,2
sutton,2022,E0,2023-05-14,brentford,west_ham,2,0
sutton,2022,E0,2023-05-14,everton,man_city,1,2
sutton,2022,E0,2023-05-15,leicester,liverpool,1,3
sutton,2022,E0,2023-05-20,bournemouth,man_united,1,2
sutton,2022,E0,2023-05-20,fulham,crystal_palace,2,1
sutton,2022,E0,2023-05-20,liverpool,aston_villa,3,1
sutton,2022,E0,2023-05-20,nottm_forest,arsenal,1,1
sutton,2022,E0,2023-05-20,tottenham,brentford,1,1
sutton,2022,E0,2023-05-20,wolves,everton,1,1
sutton,2022,E0,2023-05-21,brighton,southampton,2,0
sutton,2022,E0,2023-05-21,man_city,chelsea,5,0
sutton,2022,E0,2023-05-21,west_ham,leeds,0,0
sutton,2022,E0,2023-05-22,newcastle,leicester,3,1
sutton,2022,E0,2023-05-28,arsenal,wolves,2,0
sutton,2022,E0,2023-05-28,aston_villa,brighton,1,1
sutton,2022,E0,2023-05-28,brentford,man_city,1,2
sutton,2022,E0,2023-05-28,chelsea,newcastle,0,2
sutton,2022,E0,2023-05-28,crystal_palace,nottm_forest,2,0
sutton,2022,E0,2023-05-28,everton,bournemouth,1,0
sutton,2022,E0,2023-05-28,leeds,tottenham,1,1
sutton,2022,E0,2023-05-28,leicester,west_ham,2,1
sutton,2022,E0,2023-05-28,man_united,fulham,2,1
sutton,2022,E0,2023-05-28,southampton,liverpool,0,2
sutton,2023,E0,2023-08-11,burnley,man_city,0,2
sutton,2023,E0,2023-08-12,arsenal,nottm_forest,3,0
sutton,2023,E0,2023-08-12,bournemouth,west_ham,1,1
sutton,2023,E0,2023-08-12,brighton,luton,2,0
sutton,2023,E0,2023-08-12,everton,fulham,1,1
sutton,2023,E0,2023-08-12,newcastle,aston_villa,2,1
sutton,2023,E0,2023-08-12,sheffield_united,crystal_palace,0,1
sutton,2023,E0,2023-08-13,brentford,tottenham,2,1
sutton,2023,E0,2023-08-13,chelsea,liverpool,2,3
sutton,2023,E0,2023-08-14,man_united,wolves,2,0
sutton,2023,E0,2023-08-18,nottm_forest,sheffield_united,2,0
sutton,2023,E0,2023-08-19,fulham,brentford,1,1
sutton,2023,E0,2023-08-19,liverpool,bournemouth,3,1
sutton,2023,E0,2023-08-19,man_city,newcastle,3,1
sutton,2023,E0,2023-08-19,tottenham,man_united,1,2
sutton,2023,E0,2023-08-19,wolves,brighton,1,2
sutton,2023,E0,2023-08-20,aston_villa,everton,2,0
sutton,2023,E0,2023-08-20,west_ham,chelsea,1,2
sutton,2023,E0,2023-08-21,crystal_palace,arsenal,0,2
sutton,2023,E0,2023-08-25,chelsea,luton,3,0
sutton,2023,E0,2023-08-26,arsenal,fulham,3,0
sutton,2023,E0,2023-08-26,bournemouth,tottenham,1,2
sutton,2023,E0,2023-08-26,brentford,crystal_palace,1,0
sutton,2023,E0,2023-08-26,brighton,west_ham,2,0
sutton,2023,E0,2023-08-26,everton,wolves,1,1
sutton,2023,E0,2023-08-26,man_united,nottm_forest,3,1
sutton,2023,E0,2023-08-27,burnley,aston_villa,1,2
sutton,2023,E0,2023-08-27,newcastle,liverpool,3,1
sutton,2023,E0,2023-08-27,sheffield_united,man_city,0,4
sutton,2023,E0,2023-09-01,luton,west_ham,0,2
sutton,2023,E0,2023-09-02,brentford,bournemouth,2,0
sutton,2023,E0,2023-09-02,brighton,newcastle,1,1
sutton,2023,E0,2023-09-02,burnley,tottenham,1,2
sutton,2023,E0,2023-09-02,chelsea,nottm_forest,2,0
sutton,2023,E0,2023-09-02,man_city,fulham,4,0
sutton,2023,E0,2023-09-02,sheffield_united,everton,0,1
sutton,2023,E0,2023-09-03,arsenal,man_united,2,1
sutton,2023,E0,2023-09-03,crystal_palace,wolves,1,1
sutton,2023,E0,2023-09-03,liverpool,aston_villa,2,1
sutton,2023,E0,2023-09-16,aston_villa,crystal_palace,2,0
sutton,2023,E0,2023-09-16,fulham,luton,2,0
sutton,2023,E0,2023-09-16,man_united,brighton,2,3
sutton,2023,E0,2023-09-16,newcastle,brentford,4,0
sutton,2023,E0,2023-09-16,tottenham,sheffield_united,3,0
sutton,2023,E0,2023-09-16,west_ham,man_city,1,2
sutton,2023,E0,2023-09-16,wolves,liverpool,0,2
sutton,2023,E0,2023-09-17,bournemouth,chelsea,1,1
sutton,2023,E0,2023-09-17,everton,arsenal,1,2
sutton,2023,E0,2023-09-18,nottm_forest,burnley,2,1
sutton,2023,E0,2023-09-23,brentford,everton,2,0
sutton,2023,E0,2023-09-23,burnley,man_united,1,2
sutton,2023,E0,2023-09-23,crystal_palace,fulham,1,1
sutton,2023,E0,2023-09-23,luton,wolves,0,1
sutton,2023,E0,2023-09-23,man_city,nottm_forest,4,0
sutton,2023,E0,2023-09-24,arsenal,tottenham,3,2
sutton,2023,E0,2023-09-24,brighton,bournemouth,3,1
sutton,2023,E0,2023-09-24,chelsea,aston_villa,1,1
sutton,2023,E0,2023-09-24,liverpool,west_ham,2,0
sutton,2023,E0,2023-09-24,sheffield_united,newcastle,0,1
sutton,2023,E0,2023-09-30,aston_villa,brighton,2,2
sutton,2023,E0,2023-09-30,bournemouth,arsenal,0,1
sutton,2023,E0,2023-09-30,everton,luton,2,0
sutton,2023,E0,2023-09-30,man_united,crystal_palace,2,1
sutton,2023,E0,2023-09-30,newcastle,burnley,4,0
sutton,2023,E0,2023-09-30,tottenham,liverpool,2,3
sutton,2023,E0,2023-09-30,west_ham,sheffield_united,2,0
sutton,2023,E0,2023-09-30,wolves,man_city,0,3
sutton,2023,E0,2023-10-01,nottm_forest,brentford,1,1
sutton,2023,E0,2023-10-02,fulham,chelsea,1,0
sutton,2023,E0,2023-10-03,luton,burnley,0,0
sutton,2023,E0,2023-10-07,burnley,chelsea,1,1
sutton,2023,E0,2023-10-07,crystal_palace,nottm_forest,1,1
sutton,2023,E0,2023-10-07,everton,bournemouth,1,0
sutton,2023,E0,2023-10-07,fulham,sheffield_united,1,0
sutton,2023,E0,2023-10-07,luton,tottenham,1,3
sutton,2023,E0,2023-10-07,man_united,brentford,2,1
sutton,2023,E0,2023-10-08,arsenal,man_city,1,2
sutton,2023,E0,2023-10-08,brighton,liverpool,2,3
sutton,2023,E0,2023-10-08,west_ham,newcastle,1,2
sutton,2023,E0,2023-10-08,wolves,aston_villa,0,2
sutton,2023,E0,2023-10-21,bournemouth,wolves,0,1
sutton,2023,E0,2023-10-21,brentford,burnley,2,1
sutton,2023,E0,2023-10-21,chelsea,arsenal,0,1
sutton,2023,E0,2023-10-21,liverpool,everton,2,0
sutton,2023,E0,2023-10-21,man_city,brighton,6,2
sutton,2023,E0,2023-10-21,newcastle,crystal_palace,2,0
sutton,2023,E0,2023-10-21,nottm_forest,luton,2,1
sutton,2023,E0,2023-10-21,sheffield_united,man_united,0,2
sutton,2023,E0,2023-10-22,aston_villa,west_ham,2,1
sutton,2023,E0,2023-10-23,tottenham,fulham,3,1
sutton,2023,E0,2023-10-27,crystal_palace,tottenham,0,2
sutton,2023,E0,2023-10-28,arsenal,sheffield_united,3,0
sutton,2023,E0,2023-10-28,bournemouth,burnley,1,1
sutton,2023,E0,2023-10-28,chelsea,brentford,2,1
sutton,2023,E0,2023-10-28,wolves,newcastle,0,1
sutton,2023,E0,2023-10-29,aston_villa,luton,2,0
sutton,2023,E0,2023-10-29,brighton,fulham,2,0
sutton,2023,E0,2023-10-29,liverpool,nottm_forest,3,0
sutton,2023,E0,2023-10-29,man_united,man_city,1,5
sutton,2023,E0,2023-10-29,west_ham,everton,1,1
sutton,2023,E0,2023-11-04,brentford,west_ham,2,0
sutton,2023,E0,2023-11-04,burnley,crystal_palace,1,1
sutton,2023,E0,2023-11-04,everton,brighton,2,1
sutton,2023,E0,2023-11-04,fulham,man_united,1,1
sutton,2023,E0,2023-11-04,man_city,bournemouth,4,0
sutton,2023,E0,2023-11-04,newcastle,arsenal,0,2
sutton,2023,E0,2023-11-04,sheffield_united,wolves,0,1
sutton,2023,E0,2023-11-05,luton,liverpool,0,3
sutton,2023,E0,2023-11-05,nottm_forest,aston_villa,0,2
sutton,2023,E0,2023-11-06,tottenham,chelsea,2,0
sutton,2023,E0,2023-11-11,arsenal,burnley,3,0
sutton,2023,E0,2023-11-11,bournemouth,newcastle,1,2
sutton,2023,E0,2023-11-11,crystal_palace,everton,0,0
sutton,2023,E0,2023-11-11,man_united,luton,2,1
sutton,2023,E0,2023-11-11,wolves,tottenham,1,1
sutton,2023,E0,2023-11-12,aston_villa,fulham,2,0
sutton,2023,E0,2023-11-12,brighton,sheffield_united,3,0
sutton,2023,E0,2023-11-12,chelsea,man_city,0,2
sutton,2023,E0,2023-11-12,liverpool,brentford,3,1
sutton,2023,E0,2023-11-12,west_ham,nottm_forest,2,1
sutton,2023,E0,2023-11-25,brentford,arsenal,0,1
sutton,2023,E0,2023-11-25,burnley,west_ham,1,1
sutton,2023,E0,2023-11-25,luton,crystal_palace,0,1
sutton,2023,E0,2023-11-25,man_city,liverpool,2,1
sutton,2023,E0,2023-11-25,newcastle,chelsea,1,1
sutton,2023,E0,2023-11-25,nottm_forest,brighton,1,1
sutton,2023,E0,2023-11-25,sheffield_united,bournemouth,0,1
sutton,2023,E0,2023-11-26,everton,man_united,2,1
sutton,2023,E0,2023-11-26,tottenham,aston_villa,2,2
sutton,2023,E0,2023-11-27,fulham,wolves,0,2
sutton,2023,E0,2023-12-02,arsenal,wolves,2,0
sutton,2023,E0,2023-12-02,brentford,luton,2,0
sutton,2023,E0,2023-12-02,burnley,sheffield_united,1,1
sutton,2023,E0,2023-12-02,newcastle,man_united,3,1
sutton,2023,E0,2023-12-02,nottm_forest,everton,0,1
sutton,2023,E0,2023-12-03,bournemouth,aston_villa,1,1
sutton,2023,E0,2023-12-03,chelsea,brighton,3,2
sutton,2023,E0,2023-12-03,liverpool,fulham,3,0
sutton,2023,E0,2023-12-03,man_city,tottenham,4,2
sutton,2023,E0,2023-12-03,west_ham,crystal_palace,1,1
sutton,2023,E0,2023-12-05,luton,arsenal,0,2
sutton,2023,E0,2023-12-05,wolves,burnley,2,0
sutton,2023,E0,2023-12-06,aston_villa,man_city,1,2
sutton,2023,E0,2023-12-06,brighton,brentford,2,2
sutton,2023,E0,2023-12-06,crystal_palace,bournemouth,1,0
sutton,2023,E0,2023-12-06,fulham,nottm_forest,1,1
sutton,2023,E0,2023-12-06,man_united,chelsea,1,2
sutton,2023,E0,2023-12-06,sheffield_united,liverpool,0,3
sutton,2023,E0,2023-12-07,everton,newcastle,1,2
sutton,2023,E0,2023-12-07,tottenham,west_ham,3,2
sutton,2023,E0,2023-12-09,aston_villa,arsenal,1,1
sutton,2023,E0,2023-12-09,brighton,burnley,3,1
sutton,2023,E0,2023-12-09,crystal_palace,liverpool,0,2
sutton,2023,E0,2023-12-09,man_united,bournemouth,1,1
sutton,2023,E0,2023-12-09,sheffield_united,brentford,0,1
sutton,2023,E0,2023-12-09,wolves,nottm_forest,2,0
sutton,2023,E0,2023-12-10,everton,chelsea,1,1
sutton,2023,E0,2023-12-10,fulham,west_ham,2,1
sutton,2023,E0,2023-12-10,luton,man_city,1,3
sutton,2023,E0,2023-12-10,tottenham,newcastle,3,3
sutton,2023,E0,2023-12-15,nottm_forest,tottenham,1,3
sutton,2023,E0,2023-12-16,burnley,everton,1,2
sutton,2023,E0,2023-12-16,chelsea,sheffield_united,2,0
sutton,2023,E0,2023-12-16,man_city,crystal_palace,2,0
sutton,2023,E0,2023-12-16,newcastle,fulham,3,1
sutton,2023,E0,2023-12-17,arsenal,brighton,3,1
sutton,2023,E0,2023-12-17,brentford,aston_villa,0,1
sutton,2023,E0,2023-12-17,liverpool,man_united,4,0
sutton,2023,E0,2023-12-17,west_ham,wolves,1,1
sutton,2023,E0,2023-12-21,crystal_palace,brighton,1,1
sutton,2023,E0,2023-12-22,aston_villa,sheffield_united,2,0
sutton,2023,E0,2023-12-23,fulham,burnley,2,0
sutton,2023,E0,2023-12-23,liverpool,arsenal,2,1
sutton,2023,E0,2023-12-23,luton,newcastle,1,2
sutton,2023,E0,2023-12-23,nottm_forest,bournemouth,1,1
sutton,2023,E0,2023-12-23,tottenham,everton,3,1
sutton,2023,E0,2023-12-23,west_ham,man_united,2,1
sutton,2023,E0,2023-12-24,wolves,chelsea,1,1
sutton,2023,E0,2023-12-26,bournemouth,fulham,2,1
sutton,2023,E0,2023-12-26,burnley,liverpool,0,3
sutton,2023,E0,2023-12-26,man_united,aston_villa,0,1
sutton,2023,E0,2023-12-26,newcastle,nottm_forest,2,0
sutton,2023,E0,2023-12-26,sheffield_united,luton,1,0
sutton,2023,E0,2023-12-27,brentford,wolves,2,0
sutton,2023,E0,2023-12-27,chelsea,crystal_palace,2,1
sutton,2023,E0,2023-12-27,everton,man_city,1,1
sutton,2023,E0,2023-12-28,arsenal,west_ham,3,0
sutton,2023,E0,2023-12-28,brighton,tottenham,2,3
sutton,2023,E0,2023-12-30,aston_villa,burnley,2,0
sutton,2023,E0,2023-12-30,crystal_palace,brentford,1,1
sutton,2023,E0,2023-12-30,luton,chelsea,1,1
sutton,2023,E0,2023-12-30,man_city,sheffield_united,3,0
sutton,2023,E0,2023-12-30,nottm_forest,man_united,1,2
sutton,2023,E0,2023-12-30,wolves,everton,0,1
sutton,2023,E0,2023-12-31,fulham,arsenal,0,1
sutton,2023,E0,2023-12-31,tottenham,bournemouth,3,1
sutton,2023,E0,2024-01-01,liverpool,newcastle,3,1
sutton,2023,E0,2024-01-02,west_ham,brighton,2,1
sutton,2023,E0,2024-01-12,burnley,luton,1,1
sutton,2023,E0,2024-01-13,chelsea,fulham,2,1
sutton,2023,E0,2024-01-13,newcastle,man_city,1,3
sutton,2023,E0,2024-01-14,everton,aston_villa,1,1
sutton,2023,E0,2024-01-14,man_united,tottenham,1,3
sutton,2023,E0,2024-01-20,arsenal,crystal_palace,2,0
sutton,2023,E0,2024-01-20,brentford,nottm_forest,2,1
sutton,2023,E0,2024-01-21,bournemouth,liverpool,1,1
sutton,2023,E0,2024-01-21,sheffield_united,west_ham,1,1
sutton,2023,E0,2024-01-22,brighton,wolves,2,1
sutton,2023,E0,2024-01-30,aston_villa,newcastle,3,1
sutton,2023,E0,2024-01-30,crystal_palace,sheffield_united,1,0
sutton,2023,E0,2024-01-30,fulham,everton,1,1
sutton,2023,E0,2024-01-30,luton,brighton,1,2
sutton,2023,E0,2024-01-30,nottm_forest,arsenal,0,2
sutton,2023,E0,2024-01-31,liverpool,chelsea,2,1
sutton,2023,E0,2024-01-31,man_city,burnley,3,0
sutton,2023,E0,2024-01-31,tottenham,brentford,2,1
sutton,2023,E0,2024-02-01,west_ham,bournemouth,1,1
sutton,2023,E0,2024-02-01,wolves,man_united,1,1
sutton,2023,E0,2024-02-03,brighton,crystal_palace,2,1
sutton,2023,E0,2024-02-03,burnley,fulham,1,1
sutton,2023,E0,2024-02-03,everton,tottenham,2,2
sutton,2023,E0,2024-02-03,newcastle,luton,3,1
sutton,2023,E0,2024-02-03,sheffield_united,aston_villa,1,2
sutton,2023,E0,2024-02-04,arsenal,liverpool,2,1
sutton,2023,E0,2024-02-04,bournemouth,nottm_forest,2,1
sutton,2023,E0,2024-02-04,chelsea,wolves,1,1
sutton,2023,E0,2024-02-04,man_united,west_ham,1,0
sutton,2023,E0,2024-02-05,brentford,man_city,1,3
sutton,2023,E0,2024-02-10,fulham,bournemouth,2,1
sutton,2023,E0,2024-02-10,liverpool,burnley,4,0
sutton,2023,E0,2024-02-10,luton,sheffield_united,2,1
sutton,2023,E0,2024-02-10,man_city,everton,3,0
sutton,2023,E0,2024-02-10,nottm_forest,newcastle,2,2
sutton,2023,E0,2024-02-10,tottenham,brighton,3,2
sutton,2023,E0,2024-02-10,wolves,brentford,2,1
sutton,2023,E0,2024-02-11,aston_villa,man_united,2,1
sutton,2023,E0,2024-02-11,west_ham,arsenal,0,2
sutton,2023,E0,2024-02-12,crystal_palace,chelsea,0,1
sutton,2023,E0,2024-02-17,brentford,liverpool,1,2
sutton,2023,E0,2024-02-17,burnley,arsenal,1,2
sutton,2023,E0,2024-02-17,fulham,aston_villa,1,1
sutton,2023,E0,2024-02-17,man_city,chelsea,2,0
sutton,2023,E0,2024-02-17,newcastle,bournemouth,2,1
sutton,2023,E0,2024-02-17,nottm_forest,west_ham,2,1
sutton,2023,E0,2024-02-17,tottenham,wolves,3,1
sutton,2023,E0,2024-02-18,luton,man_united,2,2
sutton,2023,E0,2024-02-18,sheffield_united,brighton,0,2
sutton,2023,E0,2024-02-19,everton,crystal_palace,2,0
sutton,2023,E0,2024-02-20,man_city,brentford,0,0
sutton,2023,E0,2024-02-21,liverpool,luton,0,0
sutton,2023,E0,2024-02-24,arsenal,newcastle,2,1
sutton,2023,E0,2024-02-24,aston_villa,nottm_forest,2,0
sutton,2023,E0,2024-02-24,bournemouth,man_city,1,3
sutton,2023,E0,2024-02-24,brighton,everton,1,2
sutton,2023,E0,2024-02-24,crystal_palace,burnley,1,0
sutton,2023,E0,2024-02-24,man_united,fulham,2,1
sutton,2023,E0,2024-02-25,wolves,sheffield_united,2,0
sutton,2023,E0,2024-02-26,west_ham,brentford,1,2
sutton,2023,E0,2024-03-02,brentford,chelsea,1,1
sutton,2023,E0,2024-03-02,everton,west_ham,1,0
sutton,2023,E0,2024-03-02,fulham,brighton,2,1
sutton,2023,E0,2024-03-02,luton,aston_villa,1,3
sutton,2023,E0,2024-03-02,newcastle,wolves,2,1
sutton,2023,E0,2024-03-02,nottm_forest,liverpool,0,2
sutton,2023,E0,2024-03-02,tottenham,crystal_palace,3,0
sutton,2023,E0,2024-03-03,burnley,bournemouth,1,1
sutton,2023,E0,2024-03-03,man_city,man_united,6,1
sutton,2023,E0,2024-03-04,sheffield_united,arsenal,0,3
sutton,2023,E0,2024-03-09,arsenal,brentford,3,0
sutton,2023,E0,2024-03-09,bournemouth,sheffield_united,3,0
sutton,2023,E0,2024-03-09,crystal_palace,luton,1,1
sutton,2023,E0,2024-03-09,man_united,everton,2,1
sutton,2023,E0,2024-03-09,wolves,fulham,1,1
sutton,2023,E0,2024-03-10,aston_villa,tottenham,3,2
sutton,2023,E0,2024-03-10,brighton,nottm_forest,2,1
sutton,2023,E0,2024-03-10,liverpool,man_city,2,1
sutton,2023,E0,2024-03-10,west_ham,burnley,2,0
sutton,2023,E0,2024-03-11,chelsea,newcastle,2,1
sutton,2023,E0,2024-03-13,bournemouth,luton,2,0
sutton,2023,E0,2024-03-16,burnley,brentford,1,2
sutton,2023,E0,2024-03-16,fulham,tottenham,2,2
sutton,2023,E0,2024-03-16,luton,nottm_forest,1,1
sutton,2023,E0,2024-03-17,west_ham,aston_villa,1,2
sutton,2023,E0,2024-03-30,aston_villa,wolves,2,1
sutton,2023,E0,2024-03-30,bournemouth,everton,1,1
sutton,2023,E0,2024-03-30,brentford,man_united,2,2
sutton,2023,E0,2024-03-30,chelsea,burnley,2,0
sutton,2023,E0,2024-03-30,newcastle,west_ham,2,1
sutton,2023,E0,2024-03-30,nottm_forest,crystal_palace,1,0
sutton,2023,E0,2024-03-30,sheffield_united,fulham,0,2
sutton,2023,E0,2024-03-30,tottenham,luton,4,1
sutton,2023,E0,2024-03-31,liverpool,brighton,3,1
sutton,2023,E0,2024-03-31,man_city,arsenal,1,0
sutton,2023,E0,2024-04-02,bournemouth,crystal_palace,2,1
sutton,2023,E0,2024-04-02,burnley,wolves,1,1
sutton,2023,E0,2024-04-02,newcastle,everton,1,2
sutton,2023,E0,2024-04-02,nottm_forest,fulham,1,1
sutton,2023,E0,2024-04-02,west_ham,tottenham,2,3
sutton,2023,E0,2024-04-03,arsenal,luton,3,0
sutton,2023,E0,2024-04-03,brentford,brighton,2,1
sutton,2023,E0,2024-04-03,man_city,aston_villa,2,1
sutton,2023,E0,2024-04-04,chelsea,man_united,2,1
sutton,2023,E0,2024-04-04,liverpool,sheffield_united,5,0
sutton,2023,E0,2024-04-06,aston_villa,brentford,2,1
sutton,2023,E0,2024-04-06,brighton,arsenal,1,2
sutton,2023,E0,2024-04-06,crystal_palace,man_city,0,2
sutton,2023,E0,2024-04-06,everton,burnley,2,0
sutton,2023,E0,2024-04-06,fulham,newcastle,2,1
sutton,2023,E0,2024-04-06,luton,bournemouth,1,1
sutton,2023,E0,2024-04-06,wolves,west_ham,1,1
sutton,2023,E0,2024-04-07,man_united,liverpool,1,3
sutton,2023,E0,2024-04-07,sheffield_united,chelsea,1,3
sutton,2023,E0,2024-04-07,tottenham,nottm_forest,4,1
sutton,2023,E0,2024-04-13,bournemouth,man_united,2,1
sutton,2023,E0,2024-04-13,brentford,sheffield_united,2,0
sutton,2023,E0,2024-04-13,burnley,brighton,1,1
sutton,2023,E0,2024-04-13,man_city,luton,3,0
sutton,2023,E0,2024-04-13,newcastle,tottenham,2,3
sutton,2023,E0,2024-04-13,nottm_forest,wolves,1,1
sutton,2023,E0,2024-04-14,arsenal,aston_villa,3,1
sutton,2023,E0,2024-04-14,liverpool,crystal_palace,3,0
sutton,2023,E0,2024-04-14,west_ham,fulham,2,2
sutton,2023,E0,2024-04-15,chelsea,everton,1,1
sutton,2023,E0,2024-04-20,luton,brentford,1,1
sutton,2023,E0,2024-04-20,sheffield_united,burnley,1,2
sutton,2023,E0,2024-04-20,wolves,arsenal,0,1
sutton,2023,E0,2024-04-21,aston_villa,bournemouth,2,1
sutton,2023,E0,2024-04-21,crystal_palace,west_ham,2,1
sutton,2023,E0,2024-04-21,everton,nottm_forest,2,1
sutton,2023,E0,2024-04-21,fulham,liverpool,1,1
sutton,2023,E0,2024-04-23,arsenal,chelsea,2,1
sutton,2023,E0,2024-04-24,crystal_palace,newcastle,2,1
sutton,2023,E0,2024-04-24,everton,liverpool,1,2
sutton,2023,E0,2024-04-24,man_united,sheffield_united,2,0
sutton,2023,E0,2024-04-24,wolves,bournemouth,1,1
sutton,2023,E0,2024-04-25,brighton,man_city,0,2
sutton,2023,E0,2024-04-27,aston_villa,chelsea,2,1
sutton,2023,E0,2024-04-27,everton,brentford,1,1
sutton,2023,E0,2024-04-27,fulham,crystal_palace,2,2
sutton,2023,E0,2024-04-27,man_united,burnley,2,1
sutton,2023,E0,2024-04-27,newcastle,sheffield_united,3,1
sutton,2023,E0,2024-04-27,west_ham,liverpool,1,2
sutton,2023,E0,2024-04-27,wolves,luton,3,1
sutton,2023,E0,2024-04-28,bournemouth,brighton,4,3
sutton,2023,E0,2024-04-28,nottm_forest,man_city,1,2
sutton,2023,E0,2024-04-28,tottenham,arsenal,1,2
sutton,2023,E0,2024-05-02,chelsea,tottenham,2,0
sutton,2023,E0,2024-05-03,luton,everton,1,2
sutton,2023,E0,2024-05-04,arsenal,bournemouth,3,1
sutton,2023,E0,2024-05-04,brentford,fulham,2,2
sutton,2023,E0,2024-05-04,burnley,newcastle,3,3
sutton,2023,E0,2024-05-04,man_city,wolves,3,0
sutton,2023,E0,2024-05-04,sheffield_united,nottm_forest,0,2
sutton,2023,E0,2024-05-05,brighton,aston_villa,1,3
sutton,2023,E0,2024-05-05,chelsea,west_ham,2,1
sutton,2023,E0,2024-05-05,liverpool,tottenham,2,3
sutton,2023,E0,2024-05-06,crystal_palace,man_united,1,1
sutton,2023,E0,2024-05-11,bournemouth,brentford,1,1
sutton,2023,E0,2024-05-11,everton,sheffield_united,2,0
sutton,2023,E0,2024-05-11,fulham,man_city,1,3
sutton,2023,E0,2024-05-11,newcastle,brighton,3,1
sutton,2023,E0,2024-05-11,nottm_forest,chelsea,1,1
sutton,2023,E0,2024-05-11,tottenham,burnley,3,1
sutton,2023,E0,2024-05-11,west_ham,luton,2,1
sutton,2023,E0,2024-05-11,wolves,crystal_palace,1,2
sutton,2023,E0,2024-05-12,man_united,arsenal,1,5
sutton,2023,E0,2024-05-13,aston_villa,liverpool,2,2
sutton,2023,E0,2024-05-14,tottenham,man_city,0,0
sutton,2023,E0,2024-05-15,brighton,chelsea,0,0
sutton,2023,E0,2024-05-15,man_united,newcastle,0,0
sutton,2023,E0,2024-05-19,arsenal,everton,3,0
sutton,2023,E0,2024-05-19,brentford,newcastle,2,2
sutton,2023,E0,2024-05-19,brighton,man_united,2,1
sutton,2023,E0,2024-05-19,burnley,nottm_forest,1,1
sutton,2023,E0,2024-05-19,chelsea,bournemouth,3,1
sutton,2023,E0,2024-05-19,crystal_palace,aston_villa,2,1
sutton,2023,E0,2024-05-19,liverpool,wolves,4,0
sutton,2023,E0,2024-05-19,luton,fulham,1,2
sutton,2023,E0,2024-05-19,man_city,west_ham,5,0
sutton,2023,E0,2024-05-19,sheffield_united,tottenham,0,2
sutton,2024,E0,2024-08-16,man_united,fulham,1,1
sutton,2024,E0,2024-08-17,arsenal,wolves,2,0
sutton,2024,E0,2024-08-17,everton,brighton,1,0
sutton,2024,E0,2024-08-17,ipswich,liverpool,1,3
sutton,2024,E0,2024-08-17,newcastle,southampton,3,0
sutton,2024,E0,2024-08-17,nottm_forest,bournemouth,2,1
sutton,2024,E0,2024-08-17,west_ham,aston_villa,1,1
sutton,2024,E0,2024-08-18,brentford,crystal_palace,1,1
sutton,2024,E0,2024-08-18,chelsea,man_city,1,2
sutton,2024,E0,2024-08-19,leicester,tottenham,1,3
sutton,2024,E0,2024-08-24,aston_villa,arsenal,1,2
sutton,2024,E0,2024-08-24,brighton,man_united,1,1
sutton,2024,E0,2024-08-24,crystal_palace,west_ham,2,2
sutton,2024,E0,2024-08-24,fulham,leicester,2,0
sutton,2024,E0,2024-08-24,man_city,ipswich,4,0
sutton,2024,E0,2024-08-24,southampton,nottm_forest,0,1
sutton,2024,E0,2024-08-24,tottenham,everton,3,1
sutton,2024,E0,2024-08-25,bournemouth,newcastle,1,2
sutton,2024,E0,2024-08-25,liverpool,brentford,3,1
sutton,2024,E0,2024-08-25,wolves,chelsea,1,1
sutton,2024,E0,2024-08-31,arsenal,brighton,2,0
sutton,2024,E0,2024-08-31,brentford,southampton,2,0
sutton,2024,E0,2024-08-31,everton,bournemouth,1,1
sutton,2024,E0,2024-08-31,ipswich,fulham,1,1
sutton,2024,E0,2024-08-31,leicester,aston_villa,1,3
sutton,2024,E0,2024-08-31,nottm_forest,wolves,0,0
sutton,2024,E0,2024-08-31,west_ham,man_city,1,3
sutton,2024,E0,2024-09-01,chelsea,crystal_palace,2,1
sutton,2024,E0,2024-09-01,man_united,liverpool,1,2
sutton,2024,E0,2024-09-01,newcastle,tottenham,2,3
sutton,2024,E0,2024-09-14,aston_villa,everton,2,0
sutton,2024,E0,2024-09-14,bournemouth,chelsea,1,1
sutton,2024,E0,2024-09-14,brighton,ipswich,3,0
sutton,2024,E0,2024-09-14,crystal_palace,leicester,2,1
sutton,2024,E0,2024-09-14,fulham,west_ham,1,1
sutton,2024,E0,2024-09-14,liverpool,nottm_forest,2,0
sutton,2024,E0,2024-09-14,man_city,brentford,3,1
sutton,2024,E0,2024-09-14,southampton,man_united,0,2
sutton,2024,E0,2024-09-15,tottenham,arsenal,3,2
sutton,2024,E0,2024-09-15,wolves,newcastle,1,1
sutton,2024,E0,2024-09-21,aston_villa,wolves,2,0
sutton,2024,E0,2024-09-21,crystal_palace,man_united,1,2
sutton,2024,E0,2024-09-21,fulham,newcastle,1,1
sutton,2024,E0,2024-09-21,leicester,everton,1,2
sutton,2024,E0,2024-09-21,liverpool,bournemouth,2,0
sutton,2024,E0,2024-09-21,southampton,ipswich,1,1
sutton,2024,E0,2024-09-21,tottenham,brentford,2,1
sutton,2024,E0,2024-09-21,west_ham,chelsea,1,1
sutton,2024,E0,2024-09-22,brighton,nottm_forest,1,1
sutton,2024,E0,2024-09-22,man_city,arsenal,2,1
sutton,2024,E0,2024-09-28,arsenal,leicester,2,0
sutton,2024,E0,2024-09-28,brentford,west_ham,2,1
sutton,2024,E0,2024-09-28,chelsea,brighton,2,1
sutton,2024,E0,2024-09-28,everton,crystal_palace,1,1
sutton,2024,E0,2024-09-28,newcastle,man_city,1,3
sutton,2024,E0,2024-09-28,nottm_forest,fulham,1,1
sutton,2024,E0,2024-09-28,wolves,liverpool,1,2
sutton,2024,E0,2024-09-29,ipswich,aston_villa,1,2
sutton,2024,E0,2024-09-29,man_united,tottenham,2,1
sutton,2024,E0,2024-09-30,bournemouth,southampton,2,0
sutton,2024,E0,2024-10-05,arsenal,southampton,3,0
sutton,2024,E0,2024-10-05,brentford,wolves,2,1
sutton,2024,E0,2024-10-05,crystal_palace,liverpool,1,2
sutton,2024,E0,2024-10-05,everton,newcastle,1,1
sutton,2024,E0,2024-10-05,leicester,bournemouth,1,2
sutton,2024,E0,2024-10-05,man_city,fulham,3,0
sutton,2024,E0,2024-10-05,west_ham,ipswich,2,0
sutton,2024,E0,2024-10-06,aston_villa,man_united,1,1
sutton,2024,E0,2024-10-06,brighton,tottenham,3,3
sutton,2024,E0,2024-10-06,chelsea,nottm_forest,2,1
sutton,2024,E0,2024-10-19,bournemouth,arsenal,1,1
sutton,2024,E0,2024-10-19,fulham,aston_villa,1,1
sutton,2024,E0,2024-10-19,ipswich,everton,2,1
sutton,2024,E0,2024-10-19,man_united,brentford,2,1
sutton,2024,E0,2024-10-19,newcastle,brighton,2,1
sutton,2024,E0,2024-10-19,southampton,leicester,1,1
sutton,2024,E0,2024-10-19,tottenham,west_ham,3,1
sutton,2024,E0,2024-10-20,liverpool,chelsea,2,1
sutton,2024,E0,2024-10-20,wolves,man_city,1,6
sutton,2024,E0,2024-10-21,nottm_forest,crystal_palace,1,0
sutton,2024,E0,2024-10-25,leicester,nottm_forest,0,1
sutton,2024,E0,2024-10-26,aston_villa,bournemouth,2,1
sutton,2024,E0,2024-10-26,brentford,ipswich,2,0
sutton,2024,E0,2024-10-26,brighton,wolves,2,1
sutton,2024,E0,2024-10-26,everton,fulham,1,1
sutton,2024,E0,2024-10-26,man_city,southampton,4,0
sutton,2024,E0,2024-10-27,arsenal,liverpool,0,1
sutton,2024,E0,2024-10-27,chelsea,newcastle,2,1
sutton,2024,E0,2024-10-27,crystal_palace,tottenham,1,2
sutton,2024,E0,2024-10-27,west_ham,man_united,1,2
sutton,2024,E0,2024-11-02,bournemouth,man_city,1,2
sutton,2024,E0,2024-11-02,ipswich,leicester,2,1
sutton,2024,E0,2024-11-02,liverpool,brighton,2,0
sutton,2024,E0,2024-11-02,newcastle,arsenal,1,1
sutton,2024,E0,2024-11-02,nottm_forest,west_ham,2,1
sutton,2024,E0,2024-11-02,southampton,everton,1,1
sutton,2024,E0,2024-11-02,wolves,crystal_palace,1,0
sutton,2024,E0,2024-11-03,man_united,chelsea,1,1
sutton,2024,E0,2024-11-03,tottenham,aston_villa,2,2
sutton,2024,E0,2024-11-04,fulham,brentford,2,1
sutton,2024,E0,2024-11-09,brentford,bournemouth,1,1
sutton,2024,E0,2024-11-09,brighton,man_city,1,2
sutton,2024,E0,2024-11-09,crystal_palace,fulham,1,1
sutton,2024,E0,2024-11-09,liverpool,aston_villa,2,0
sutton,2024,E0,2024-11-09,west_ham,everton,2,2
sutton,2024,E0,2024-11-09,wolves,southampton,2,0
sutton,2024,E0,2024-11-10,chelsea,arsenal,2,1
sutton,2024,E0,2024-11-10,man_united,leicester,2,1
sutton,2024,E0,2024-11-10,nottm_forest,newcastle,2,1
sutton,2024,E0,2024-11-10,tottenham,ipswich,3,1
sutton,2024,E0,2024-11-23,arsenal,nottm_forest,2,0
sutton,2024,E0,2024-11-23,aston_villa,crystal_palace,2,1
sutton,2024,E0,2024-11-23,bournemouth,brighton,1,1
sutton,2024,E0,2024-11-23,everton,brentford,2,2
sutton,2024,E0,2024-11-23,fulham,wolves,2,1
sutton,2024,E0,2024-11-23,leicester,chelsea,1,3
sutton,2024,E0,2024-11-23,man_city,tottenham,3,1
sutton,2024,E0,2024-11-24,ipswich,man_united,1,1
sutton,2024,E0,2024-11-24,southampton,liverpool,0,2
sutton,2024,E0,2024-11-25,newcastle,west_ham,2,1
sutton,2024,E0,2024-11-29,brighton,southampton,2,0
sutton,2024,E0,2024-11-30,brentford,leicester,2,1
sutton,2024,E0,2024-11-30,crystal_palace,newcastle,1,1
sutton,2024,E0,2024-11-30,nottm_forest,ipswich,2,1
sutton,2024,E0,2024-11-30,west_ham,arsenal,0,1
sutton,2024,E0,2024-11-30,wolves,bournemouth,2,2
sutton,2024,E0,2024-12-01,chelsea,aston_villa,2,1
sutton,2024,E0,2024-12-01,liverpool,man_city,4,1
sutton,2024,E0,2024-12-01,man_united,everton,1,1
sutton,2024,E0,2024-12-01,tottenham,fulham,3,1
sutton,2024,E0,2024-12-03,ipswich,crystal_palace,1,1
sutton,2024,E0,2024-12-03,leicester,west_ham,1,2
sutton,2024,E0,2024-12-04,arsenal,man_united,3,1
sutton,2024,E0,2024-12-04,aston_villa,brentford,2,1
sutton,2024,E0,2024-12-04,everton,wolves,2,1
sutton,2024,E0,2024-12-04,man_city,nottm_forest,2,2
sutton,2024,E0,2024-12-04,newcastle,liverpool,1,2
sutton,2024,E0,2024-12-04,southampton,chelsea,0,2
sutton,2024,E0,2024-12-05,bournemouth,tottenham,2,2
sutton,2024,E0,2024-12-05,fulham,brighton,1,1
sutton,2024,E0,2024-12-07,aston_villa,southampton,2,0
sutton,2024,E0,2024-12-07,brentford,newcastle,2,2
sutton,2024,E0,2024-12-07,crystal_palace,man_city,1,2
sutton,2024,E0,2024-12-07,man_united,nottm_forest,2,1
sutton,2024,E0,2024-12-08,fulham,arsenal,1,2
sutton,2024,E0,2024-12-08,ipswich,bournemouth,1,2
sutton,2024,E0,2024-12-08,leicester,brighton,0,3
sutton,2024,E0,2024-12-08,tottenham,chelsea,1,3
sutton,2024,E0,2024-12-09,west_ham,wolves,3,1
sutton,2024,E0,2024-12-14,arsenal,everton,2,0
sutton,2024,E0,2024-12-14,liverpool,fulham,3,0
sutton,2024,E0,2024-12-14,newcastle,leicester,3,0
sutton,2024,E0,2024-12-14,nottm_forest,aston_villa,1,1
sutton,2024,E0,2024-12-14,wolves,ipswich,2,1
sutton,2024,E0,2024-12-15,brighton,crystal_palace,1,1
sutton,2024,E0,2024-12-15,chelsea,brentford,2,1
sutton,2024,E0,2024-12-15,man_city,man_united,3,1
sutton,2024,E0,2024-12-15,southampton,tottenham,1,2
sutton,2024,E0,2024-12-16,bournemouth,west_ham,2,1
sutton,2024,E0,2024-12-21,aston_villa,man_city,1,1
sutton,2024,E0,2024-12-21,brentford,nottm_forest,1,1
sutton,2024,E0,2024-12-21,crystal_palace,arsenal,0,1
sutton,2024,E0,2024-12-21,ipswich,newcastle,1,2
sutton,2024,E0,2024-12-21,west_ham,brighton,1,2
sutton,2024,E0,2024-12-22,everton,chelsea,1,2
sutton,2024,E0,2024-12-22,fulham,southampton,2,0
sutton,2024,E0,2024-12-22,leicester,wolves,1,1
sutton,2024,E0,2024-12-22,man_united,bournemouth,1,2
sutton,2024,E0,2024-12-22,tottenham,liverpool,2,3
sutton,2024,E0,2024-12-26,bournemouth,crystal_palace,2,1
sutton,2024,E0,2024-12-26,chelsea,fulham,2,1
sutton,2024,E0,2024-12-26,liverpool,leicester,4,0
sutton,2024,E0,2024-12-26,man_city,everton,2,1
sutton,2024,E0,2024-12-26,newcastle,aston_villa,3,1
sutton,2024,E0,2024-12-26,nottm_forest,tottenham,2,2
sutton,2024,E0,2024-12-26,southampton,west_ham,1,1
sutton,2024,E0,2024-12-26,wolves,man_united,1,1
sutton,2024,E0,2024-12-27,arsenal,ipswich,2,0
sutton,2024,E0,2024-12-27,brighton,brentford,2,1
sutton,2024,E0,2024-12-29,crystal_palace,southampton,1,0
sutton,2024,E0,2024-12-29,everton,nottm_forest,1,1
sutton,2024,E0,2024-12-29,fulham,bournemouth,2,1
sutton,2024,E0,2024-12-29,leicester,man_city,1,2
sutton,2024,E0,2024-12-29,tottenham,wolves,2,1
sutton,2024,E0,2024-12-29,west_ham,liverpool,0,2
sutton,2024,E0,2024-12-30,aston_villa,brighton,2,1
sutton,2024,E0,2024-12-30,ipswich,chelsea,0,2
sutton,2024,E0,2024-12-30,man_united,newcastle,1,2
sutton,2024,E0,2025-01-01,brentford,arsenal,0,1
sutton,2024,E0,2025-01-04,aston_villa,leicester,2,0
sutton,2024,E0,2025-01-04,bournemouth,everton,1,0
sutton,2024,E0,2025-01-04,brighton,arsenal,1,2
sutton,2024,E0,2025-01-04,crystal_palace,chelsea,1,1
sutton,2024,E0,2025-01-04,man_city,west_ham,2,0
sutton,2024,E0,2025-01-04,southampton,brentford,1,2
sutton,2024,E0,2025-01-04,tottenham,newcastle,1,2
sutton,2024,E0,2025-01-05,fulham,ipswich,1,0
sutton,2024,E0,2025-01-05,liverpool,man_united,5,0
sutton,2024,E0,2025-01-06,wolves,nottm_forest,0,1
sutton,2024,E0,2025-01-14,brentford,man_city,1,2
sutton,2024,E0,2025-01-14,chelsea,bournemouth,1,1
sutton,2024,E0,2025-01-14,nottm_forest,liverpool,1,1
sutton,2024,E0,2025-01-14,west_ham,fulham,1,1
sutton,2024,E0,2025-01-15,arsenal,tottenham,2,1
sutton,2024,E0,2025-01-15,everton,aston_villa,0,2
sutton,2024,E0,2025-01-15,leicester,crystal_palace,1,2
sutton,2024,E0,2025-01-15,newcastle,wolves,3,0
sutton,2024,E0,2025-01-16,ipswich,brighton,1,2
sutton,2024,E0,2025-01-16,man_united,southampton,2,0
sutton,2024,E0,2025-01-18,arsenal,aston_villa,2,0
sutton,2024,E0,2025-01-18,brentford,liverpool,1,2
sutton,2024,E0,2025-01-18,leicester,fulham,1,2
sutton,2024,E0,2025-01-18,newcastle,bournemouth,2,1
sutton,2024,E0,2025-01-18,west_ham,crystal_palace,0,1
sutton,2024,E0,2025-01-19,everton,tottenham,1,3
sutton,2024,E0,2025-01-19,ipswich,man_city,1,2
sutton,2024,E0,2025-01-19,man_united,brighton,1,1
sutton,2024,E0,2025-01-19,nottm_forest,southampton,2,0
sutton,2024,E0,2025-01-20,chelsea,wolves,3,0
sutton,2024,E0,2025-01-25,bournemouth,nottm_forest,2,1
sutton,2024,E0,2025-01-25,brighton,everton,2,0
sutton,2024,E0,2025-01-25,liverpool,ipswich,3,0
sutton,2024,E0,2025-01-25,man_city,chelsea,2,1
sutton,2024,E0,2025-01-25,southampton,newcastle,0,2
sutton,2024,E0,2025-01-25,wolves,arsenal,0,2
sutton,2024,E0,2025-01-26,aston_villa,west_ham,2,1
sutton,2024,E0,2025-01-26,crystal_palace,brentford,1,1
sutton,2024,E0,2025-01-26,fulham,man_united,2,1
sutton,2024,E0,2025-01-26,tottenham,leicester,4,1
sutton,2024,E0,2025-02-01,bournemouth,liverpool,2,1
sutton,2024,E0,2025-02-01,everton,leicester,1,0
sutton,2024,E0,2025-02-01,ipswich,southampton,2,1
sutton,2024,E0,2025-02-01,newcastle,fulham,3,1
sutton,2024,E0,2025-02-01,nottm_forest,brighton,2,2
sutton,2024,E0,2025-02-01,wolves,aston_villa,2,2
sutton,2024,E0,2025-02-02,arsenal,man_city,2,1
sutton,2024,E0,2025-02-02,brentford,tottenham,2,1
sutton,2024,E0,2025-02-02,man_united,crystal_palace,1,1
sutton,2024,E0,2025-02-03,chelsea,west_ham,2,1
sutton,2024,E0,2025-02-12,everton,liverpool,1,1
sutton,2024,E0,2025-02-14,brighton,chelsea,1,1
sutton,2024,E0,2025-02-15,aston_villa,ipswich,2,1
sutton,2024,E0,2025-02-15,crystal_palace,everton,1,0
sutton,2024,E0,2025-02-15,fulham,nottm_forest,1,1
sutton,2024,E0,2025-02-15,leicester,arsenal,0,2
sutton,2024,E0,2025-02-15,man_city,newcastle,2,1
sutton,2024,E0,2025-02-15,southampton,bournemouth,1,3
sutton,2024,E0,2025-02-15,west_ham,brentford,2,1
sutton,2024,E0,2025-02-16,liverpool,wolves,3,0
sutton,2024,E0,2025-02-16,tottenham,man_united,1,2
sutton,2024,E0,2025-02-19,aston_villa,liverpool,1,2
sutton,2024,E0,2025-02-21,leicester,brentford,1,2
sutton,2024,E0,2025-02-22,arsenal,west_ham,3,0
sutton,2024,E0,2025-02-22,aston_villa,chelsea,2,1
sutton,2024,E0,2025-02-22,bournemouth,wolves,2,1
sutton,2024,E0,2025-02-22,everton,man_united,1,1
sutton,2024,E0,2025-02-22,fulham,crystal_palace,2,1
sutton,2024,E0,2025-02-22,ipswich,tottenham,1,1
sutton,2024,E0,2025-02-22,southampton,brighton,0,1
sutton,2024,E0,2025-02-23,man_city,liverpool,1,3
sutton,2024,E0,2025-02-23,newcastle,nottm_forest,2,0
sutton,2024,E0,2025-02-25,brighton,bournemouth,1,1
sutton,2024,E0,2025-02-25,chelsea,southampton,2,0
sutton,2024,E0,2025-02-25,crystal_palace,aston_villa,1,1
sutton,2024,E0,2025-02-25,wolves,fulham,1,2
sutton,2024,E0,2025-02-26,brentford,everton,2,0
sutton,2024,E0,2025-02-26,liverpool,newcastle,2,1
sutton,2024,E0,2025-02-26,man_united,ipswich,2,1
sutton,2024,E0,2025-02-26,nottm_forest,arsenal,1,1
sutton,2024,E0,2025-02-26,tottenham,man_city,1,2
sutton,2024,E0,2025-02-27,west_ham,leicester,2,0
sutton,2024,E0,2025-03-08,brentford,aston_villa,2,1
sutton,2024,E0,2025-03-08,brighton,fulham,2,1
sutton,2024,E0,2025-03-08,crystal_palace,ipswich,1,0
sutton,2024,E0,2025-03-08,liverpool,southampton,2,0
sutton,2024,E0,2025-03-08,nottm_forest,man_city,1,2
sutton,2024,E0,2025-03-08,wolves,everton,1,1
sutton,2024,E0,2025-03-09,chelsea,leicester,3,0
sutton,2024,E0,2025-03-09,man_united,arsenal,0,1
sutton,2024,E0,2025-03-09,tottenham,bournemouth,2,2
sutton,2024,E0,2025-03-10,west_ham,newcastle,1,1
sutton,2024,E0,2025-03-15,bournemouth,brentford,2,1
sutton,2024,E0,2025-03-15,everton,west_ham,2,1
sutton,2024,E0,2025-03-15,ipswich,nottm_forest,1,2
sutton,2024,E0,2025-03-15,man_city,brighton,3,1
sutton,2024,E0,2025-03-15,southampton,wolves,0,1
sutton,2024,E0,2025-03-16,arsenal,chelsea,1,0
sutton,2024,E0,2025-03-16,fulham,tottenham,3,1
sutton,2024,E0,2025-03-16,leicester,man_united,1,1
sutton,2024,E0,2025-04-01,arsenal,fulham,2,0
sutton,2024,E0,2025-04-01,nottm_forest,man_united,1,0
sutton,2024,E0,2025-04-01,wolves,west_ham,1,1
sutton,2024,E0,2025-04-02,bournemouth,ipswich,3,1
sutton,2024,E0,2025-04-02,brighton,aston_villa,2,1
sutton,2024,E0,2025-04-02,liverpool,everton,2,0
sutton,2024,E0,2025-04-02,man_city,leicester,5,0
sutton,2024,E0,2025-04-02,newcastle,brentford,3,1
sutton,2024,E0,2025-04-02,southampton,crystal_palace,0,2
sutton,2024,E0,2025-04-03,chelsea,tottenham,3,2
sutton,2024,E0,2025-04-05,aston_villa,nottm_forest,1,1
sutton,2024,E0,2025-04-05,crystal_palace,brighton,1,1
sutton,2024,E0,2025-04-05,everton,arsenal,1,1
sutton,2024,E0,2025-04-05,ipswich,wolves,2,1
sutton,2024,E0,2025-04-05,west_ham,bournemouth,1,2
sutton,2024,E0,2025-04-06,brentford,chelsea,2,2
sutton,2024,E0,2025-04-06,fulham,liverpool,1,2
sutton,2024,E0,2025-04-06,man_united,man_city,1,2
sutton,2024,E0,2025-04-06,tottenham,southampton,3,0
sutton,2024,E0,2025-04-07,leicester,newcastle,0,2
sutton,2024,E0,2025-04-12,arsenal,brentford,2,1
sutton,2024,E0,2025-04-12,brighton,leicester,2,0
sutton,2024,E0,2025-04-12,man_city,crystal_palace,2,1
sutton,2024,E0,2025-04-12,nottm_forest,everton,1,0
sutton,2024,E0,2025-04-12,southampton,aston_villa,1,2
sutton,2024,E0,2025-04-13,chelsea,ipswich,3,0
sutton,2024,E0,2025-04-13,liverpool,west_ham,3,1
sutton,2024,E0,2025-04-13,newcastle,man_united,2,0
sutton,2024,E0,2025-04-13,wolves,tottenham,2,0
sutton,2024,E0,2025-04-14,bournemouth,fulham,1,1
sutton,2024,E0,2025-04-16,newcastle,crystal_palace,2,1
sutton,2024,E0,2025-04-19,aston_villa,newcastle,1,2
sutton,2024,E0,2025-04-19,brentford,brighton,1,1
sutton,2024,E0,2025-04-19,crystal_palace,bournemouth,1,1
sutton,2024,E0,2025-04-19,everton,man_city,1,2
sutton,2024,E0,2025-04-19,west_ham,southampton,2,0
sutton,2024,E0,2025-04-20,fulham,chelsea,2,1
sutton,2024,E0,2025-04-20,ipswich,arsenal,0,2
sutton,2024,E0,2025-04-20,leicester,liverpool,0,3
sutton,2024,E0,2025-04-20,man_united,wolves,1,3
sutton,2024,E0,2025-04-21,tottenham,nottm_forest,1,1
sutton,2024,E0,2025-04-22,man_city,aston_villa,1,2
sutton,2024,E0,2025-04-23,arsenal,crystal_palace,2,0
sutton,2024,E0,2025-04-26,brighton,west_ham,2,1
sutton,2024,E0,2025-04-26,chelsea,everton,1,1
sutton,2024,E0,2025-04-26,newcastle,ipswich,3,0
sutton,2024,E0,2025-04-26,southampton,fulham,0,2
sutton,2024,E0,2025-04-26,wolves,leicester,2,0
sutton,2024,E0,2025-04-27,bournemouth,man_united,2,1
sutton,2024,E0,2025-04-27,liverpool,tottenham,4,1
sutton,2024,E0,2025-05-01,nottm_forest,brentford,1,0
sutton,2024,E0,2025-05-02,man_city,wolves,2,1
sutton,2024,E0,2025-05-03,arsenal,bournemouth,1,1
sutton,2024,E0,2025-05-03,aston_villa,fulham,3,1
sutton,2024,E0,2025-05-03,everton,ipswich,2,0
sutton,2024,E0,2025-05-03,leicester,southampton,1,0
sutton,2024,E0,2025-05-04,brentford,man_united,2,0
sutton,2024,E0,2025-05-04,brighton,newcastle,2,2
sutton,2024,E0,2025-05-04,chelsea,liverpool,1,2
sutton,2024,E0,2025-05-04,west_ham,tottenham,2,1
sutton,2024,E0,2025-05-05,crystal_palace,nottm_forest,1,1
sutton,2024,E0,2025-05-10,bournemouth,aston_villa,2,2
sutton,2024,E0,2025-05-10,fulham,everton,2,1
sutton,2024,E0,2025-05-10,ipswich,brentford,0,2
sutton,2024,E0,2025-05-10,southampton,man_city,0,3
sutton,2024,E0,2025-05-10,wolves,brighton,2,1
sutton,2024,E0,2025-05-11,liverpool,arsenal,1,1
sutton,2024,E0,2025-05-11,man_united,west_ham,1,1
sutton,2024,E0,2025-05-11,newcastle,chelsea,2,1
sutton,2024,E0,2025-05-11,nottm_forest,leicester,2,0
sutton,2024,E0,2025-05-11,tottenham,crystal_palace,1,1
sutton,2024,E0,2025-05-16,aston_villa,tottenham,2,0
sutton,2024,E0,2025-05-16,chelsea,man_united,1,0
sutton,2024,E0,2025-05-18,arsenal,newcastle,1,1
sutton,2024,E0,2025-05-18,brentford,fulham,2,2
sutton,2024,E0,2025-05-18,everton,southampton,2,0
sutton,2024,E0,2025-05-18,leicester,ipswich,2,1
sutton,2024,E0,2025-05-18,west_ham,nottm_forest,1,1
sutton,2024,E0,2025-05-19,brighton,liverpool,2,1
sutton,2024,E0,2025-05-20,crystal_palace,wolves,1,0
sutton,2024,E0,2025-05-20,man_city,bournemouth,3,1
sutton,2024,E0,2025-05-25,bournemouth,leicester,2,0
sutton,2024,E0,2025-05-25,fulham,man_city,1,2
sutton,2024,E0,2025-05-25,ipswich,west_ham,0,1
sutton,2024,E0,2025-05-25,liverpool,crystal_palace,3,1
sutton,2024,E0,2025-05-25,man_united,aston_villa,1,2
sutton,2024,E0,2025-05-25,newcastle,everton,2,0
sutton,2024,E0,2025-05-25,nottm_forest,chelsea,1,1
sutton,2024,E0,2025-05-25,southampton,arsenal,0,2
sutton,2024,E0,2025-05-25,tottenham,brighton,1,2
sutton,2024,E0,2025-05-25,wolves,brentford,1,1
sutton,2025,E0,2025-08-15,liverpool,bournemouth,3,1
sutton,2025,E0,2025-08-16,aston_villa,newcastle,2,1
sutton,2025,E0,2025-08-16,brighton,fulham,1,0
sutton,2025,E0,2025-08-16,sunderland,west_ham,0,1
sutton,2025,E0,2025-08-16,tottenham,burnley,3,0
sutton,2025,E0,2025-08-16,wolves,man_city,1,2
sutton,2025,E0,2025-08-17,chelsea,crystal_palace,2,1
sutton,2025,E0,2025-08-17,man_united,arsenal,1,2
sutton,2025,E0,2025-08-17,nottm_forest,brentford,1,0
sutton,2025,E0,2025-08-18,leeds,everton,1,1
sutton,2025,E0,2025-08-22,west_ham,chelsea,0,2
sutton,2025,E0,2025-08-23,arsenal,leeds,4,0
sutton,2025,E0,2025-08-23,bournemouth,wolves,1,0
sutton,2025,E0,2025-08-23,brentford,aston_villa,1,2
sutton,2025,E0,2025-08-23,burnley,sunderland,1,1
sutton,2025,E0,2025-08-23,man_city,tottenham,2,1
sutton,2025,E0,2025-08-24,crystal_palace,nottm_forest,1,1
sutton,2025,E0,2025-08-24,everton,brighton,1,2
sutton,2025,E0,2025-08-24,fulham,man_united,1,1
sutton,2025,E0,2025-08-25,newcastle,liverpool,1,2
sutton,2025,E0,2025-08-30,chelsea,fulham,2,1
sutton,2025,E0,2025-08-30,leeds,newcastle,1,1
sutton,2025,E0,2025-08-30,man_united,burnley,1,0
sutton,2025,E0,2025-08-30,sunderland,brentford,0,1
sutton,2025,E0,2025-08-30,tottenham,bournemouth,2,1
sutton,2025,E0,2025-08-30,wolves,everton,1,1
sutton,2025,E0,2025-08-31,aston_villa,crystal_palace,3,1
sutton,2025,E0,2025-08-31,brighton,man_city,1,2
sutton,2025,E0,2025-08-31,liverpool,arsenal,1,2
sutton,2025,E0,2025-08-31,nottm_forest,west_ham,2,0
sutton,2025,E0,2025-09-13,arsenal,nottm_forest,2,0
sutton,2025,E0,2025-09-13,bournemouth,brighton,1,1
sutton,2025,E0,2025-09-13,brentford,chelsea,1,1
sutton,2025,E0,2025-09-13,crystal_palace,sunderland,1,0
sutton,2025,E0,2025-09-13,everton,aston_villa,1,1
sutton,2025,E0,2025-09-13,fulham,leeds,2,0
sutton,2025,E0,2025-09-13,newcastle,wolves,3,1
sutton,2025,E0,2025-09-13,west_ham,tottenham,1,2
sutton,2025,E0,2025-09-14,burnley,liverpool,0,3
sutton,2025,E0,2025-09-14,man_city,man_united,2,1
sutton,2025,E0,2025-09-20,brighton,tottenham,2,1
sutton,2025,E0,2025-09-20,burnley,nottm_forest,0,1
sutton,2025,E0,2025-09-20,fulham,brentford,2,1
sutton,2025,E0,2025-09-20,liverpool,everton,2,0
sutton,2025,E0,2025-09-20,man_united,chelsea,1,2
sutton,2025,E0,2025-09-20,west_ham,crystal_palace,0,1
sutton,2025,E0,2025-09-20,wolves,leeds,1,0
sutton,2025,E0,2025-09-21,arsenal,man_city,1,0
sutton,2025,E0,2025-09-21,bournemouth,newcastle,2,1
sutton,2025,E0,2025-09-21,sunderland,aston_villa,0,2
sutton,2025,E0,2025-09-27,brentford,man_united,1,1
sutton,2025,E0,2025-09-27,chelsea,brighton,1,1
sutton,2025,E0,2025-09-27,crystal_palace,liverpool,0,0
sutton,2025,E0,2025-09-27,leeds,bournemouth,1,2
sutton,2025,E0,2025-09-27,man_city,burnley,3,0
sutton,2025,E0,2025-09-27,nottm_forest,sunderland,2,1
sutton,2025,E0,2025-09-27,tottenham,wolves,1,0
sutton,2025,E0,2025-09-28,aston_villa,fulham,1,1
sutton,2025,E0,2025-09-28,newcastle,arsenal,1,2
sutton,2025,E0,2025-09-29,everton,west_ham,2,0
sutton,2025,E0,2025-10-03,bournemouth,fulham,1,0
sutton,2025,E0,2025-10-04,arsenal,west_ham,3,0
sutton,2025,E0,2025-10-04,chelsea,liverpool,2,1
sutton,2025,E0,2025-10-04,leeds,tottenham,1,1
sutton,2025,E0,2025-10-04,man_united,sunderland,0,1
sutton,2025,E0,2025-10-05,aston_villa,burnley,1,1
sutton,2025,E0,2025-10-05,brentford,man_city,1,2
sutton,2025,E0,2025-10-05,everton,crystal_palace,0,1
sutton,2025,E0,2025-10-05,newcastle,nottm_forest,3,1
sutton,2025,E0,2025-10-05,wolves,brighton,1,2
sutton,2025,E0,2025-10-18,brighton,newcastle,1,1
sutton,2025,E0,2025-10-18,burnley,leeds,0,0
sutton,2025,E0,2025-10-18,crystal_palace,bournemouth,0,1
sutton,2025,E0,2025-10-18,fulham,arsenal,0,2
sutton,2025,E0,2025-10-18,man_city,everton,2,0
sutton,2025,E0,2025-10-18,nottm_forest,chelsea,1,2
sutton,2025,E0,2025-10-18,sunderland,wolves,1,1
sutton,2025,E0,2025-10-19,liverpool,man_united,2,1
sutton,2025,E0,2025-10-19,tottenham,aston_villa,2,1
sutton,2025,E0,2025-10-20,west_ham,brentford,1,0
sutton,2025,E0,2025-10-24,leeds,west_ham,2,1
sutton,2025,E0,2025-10-25,brentford,liverpool,1,1
sutton,2025,E0,2025-10-25,chelsea,sunderland,2,0
sutton,2025,E0,2025-10-25,man_united,brighton,1,2
sutton,2025,E0,2025-10-25,newcastle,fulham,3,1
sutton,2025,E0,2025-10-26,arsenal,crystal_palace,2,0
sutton,2025,E0,2025-10-26,aston_villa,man_city,1,1
sutton,2025,E0,2025-10-26,bournemouth,nottm_forest,1,0
sutton,2025,E0,2025-10-26,everton,tottenham,1,1
sutton,2025,E0,2025-10-26,wolves,burnley,2,0
sutton,2025,E0,2025-11-01,brighton,leeds,2,0
sutton,2025,E0,2025-11-01,burnley,arsenal,0,1
sutton,2025,E0,2025-11-01,crystal_palace,brentford,1,0
sutton,2025,E0,2025-11-01,fulham,wolves,2,1
sutton,2025,E0,2025-11-01,liverpool,aston_villa,3,1
sutton,2025,E0,2025-11-01,nottm_forest,man_united,1,1
sutton,2025,E0,2025-11-01,tottenham,chelsea,1,1
sutton,2025,E0,2025-11-02,man_city,bournemouth,3,1
sutton,2025,E0,2025-11-02,west_ham,newcastle,0,2
sutton,2025,E0,2025-11-03,sunderland,everton,1,1
sutton,2025,E0,2025-11-08,chelsea,wolves,2,0
sutton,2025,E0,2025-11-08,everton,fulham,1,1
sutton,2025,E0,2025-11-08,sunderland,arsenal,0,2
sutton,2025,E0,2025-11-08,tottenham,man_united,1,1
sutton,2025,E0,2025-11-08,west_ham,burnley,2,1
sutton,2025,E0,2025-11-09,aston_villa,bournemouth,1,1
sutton,2025,E0,2025-11-09,brentford,newcastle,0,0
sutton,2025,E0,2025-11-09,crystal_palace,brighton,1,1
sutton,2025,E0,2025-11-09,man_city,liverpool,2,1
sutton,2025,E0,2025-11-09,nottm_forest,leeds,2,0
sutton,2025,E0,2025-11-22,bournemouth,west_ham,2,0
sutton,2025,E0,2025-11-22,brighton,brentford,2,1
sutton,2025,E0,2025-11-22,burnley,chelsea,1,2
sutton,2025,E0,2025-11-22,fulham,sunderland,1,0
sutton,2025,E0,2025-11-22,liverpool,nottm_forest,3,1
sutton,2025,E0,2025-11-22,newcastle,man_city,1,1
sutton,2025,E0,2025-11-22,wolves,crystal_palace,0,2
sutton,2025,E0,2025-11-23,arsenal,tottenham,3,0
sutton,2025,E0,2025-11-23,leeds,aston_villa,1,1
sutton,2025,E0,2025-11-24,man_united,everton,1,0
sutton,2025,E0,2025-11-29,brentford,burnley,2,0
sutton,2025,E0,2025-11-29,everton,newcastle,1,1
sutton,2025,E0,2025-11-29,man_city,leeds,4,0
sutton,2025,E0,2025-11-29,sunderland,bournemouth,1,2
sutton,2025,E0,2025-11-29,tottenham,fulham,1,1
sutton,2025,E0,2025-11-30,aston_villa,wolves,2,0
sutton,2025,E0,2025-11-30,chelsea,arsenal,0,2
sutton,2025,E0,2025-11-30,crystal_palace,man_united,1,0
sutton,2025,E0,2025-11-30,nottm_forest,brighton,1,1
sutton,2025,E0,2025-11-30,west_ham,liverpool,2,1
sutton,2025,E0,2025-12-02,bournemouth,everton,2,1
sutton,2025,E0,2025-12-02,fulham,man_city,0,2
sutton,2025,E0,2025-12-02,newcastle,tottenham,2,0
sutton,2025,E0,2025-12-03,arsenal,brentford,3,0
sutton,2025,E0,2025-12-03,brighton,aston_villa,2,1
sutton,2025,E0,2025-12-03,burnley,crystal_palace,0,1
sutton,2025,E0,2025-12-03,leeds,chelsea,0,2
sutton,2025,E0,2025-12-03,liverpool,sunderland,2,1
sutton,2025,E0,2025-12-03,wolves,nottm_forest,0,1
sutton,2025,E0,2025-12-04,man_united,west_ham,2,0
sutton,2025,E0,2025-12-06,aston_villa,arsenal,0,1
sutton,2025,E0,2025-12-06,bournemouth,chelsea,1,1
sutton,2025,E0,2025-12-06,everton,nottm_forest,1,0
sutton,2025,E0,2025-12-06,leeds,liverpool,2,2
sutton,2025,E0,2025-12-06,man_city,sunderland,2,1
sutton,2025,E0,2025-12-06,newcastle,burnley,2,0
sutton,2025,E0,2025-12-06,tottenham,brentford,1,1
sutton,2025,E0,2025-12-07,brighton,west_ham,3,1
sutton,2025,E0,2025-12-07,fulham,crystal_palace,0,1
sutton,2025,E0,2025-12-08,wolves,man_united,0,1
sutton,2025,E0,2025-12-13,arsenal,wolves,3,0
sutton,2025,E0,2025-12-13,burnley,fulham,1,1
sutton,2025,E0,2025-12-13,chelsea,everton,2,1
sutton,2025,E0,2025-12-13,liverpool,brighton,2,2
sutton,2025,E0,2025-12-14,brentford,leeds,2,0
sutton,2025,E0,2025-12-14,crystal_palace,man_city,1,1
sutton,2025,E0,2025-12-14,nottm_forest,tottenham,1,1
sutton,2025,E0,2025-12-14,sunderland,newcastle,2,1
sutton,2025,E0,2025-12-14,west_ham,aston_villa,1,2
sutton,2025,E0,2025-12-15,man_united,bournemouth,1,2
sutton,2025,E0,2025-12-20,bournemouth,burnley,2,0
sutton,2025,E0,2025-12-20,brighton,sunderland,1,0
sutton,2025,E0,2025-12-20,everton,arsenal,0,1
sutton,2025,E0,2025-12-20,leeds,crystal_palace,1,1
sutton,2025,E0,2025-12-20,man_city,west_ham,3,1
sutton,2025,E0,2025-12-20,newcastle,chelsea,2,1
sutton,2025,E0,2025-12-20,tottenham,liverpool,1,1
sutton,2025,E0,2025-12-20,wolves,brentford,1,1
sutton,2025,E0,2025-12-21,aston_villa,man_united,2,0
sutton,2025,E0,2025-12-22,fulham,nottm_forest,1,1
sutton,2025,E0,2025-12-26,man_united,newcastle,0,1
sutton,2025,E0,2025-12-27,arsenal,brighton,2,0
sutton,2025,E0,2025-12-27,brentford,bournemouth,2,2
sutton,2025,E0,2025-12-27,burnley,everton,1,1
sutton,2025,E0,2025-12-27,chelsea,aston_villa,2,1
sutton,2025,E0,2025-12-27,liverpool,wolves,2,0
sutton,2025,E0,2025-12-27,nottm_forest,man_city,0,2
sutton,2025,E0,2025-12-27,west_ham,fulham,1,2
sutton,2025,E0,2025-12-28,crystal_palace,tottenham,0,0
sutton,2025,E0,2025-12-28,sunderland,leeds,1,0
sutton,2025,E0,2025-12-30,arsenal,aston_villa,2,1
sutton,2025,E0,2025-12-30,burnley,newcastle,0,1
sutton,2025,E0,2025-12-30,chelsea,bournemouth,2,1
sutton,2025,E0,2025-12-30,man_united,wolves,2,0
sutton,2025,E0,2025-12-30,nottm_forest,everton,1,0
sutton,2025,E0,2025-12-30,west_ham,brighton,1,2
sutton,2025,E0,2026-01-01,brentford,tottenham,1,1
sutton,2025,E0,2026-01-01,crystal_palace,fulham,2,0
sutton,2025,E0,2026-01-01,liverpool,leeds,2,1
sutton,2025,E0,2026-01-01,sunderland,man_city,1,3
sutton,2025,E0,2026-01-03,aston_villa,nottm_forest,2,1
sutton,2025,E0,2026-01-03,bournemouth,arsenal,1,2
sutton,2025,E0,2026-01-03,brighton,burnley,2,0
sutton,2025,E0,2026-01-03,wolves,west_ham,1,1
sutton,2025,E0,2026-01-04,everton,brentford,1,0
sutton,2025,E0,2026-01-04,fulham,liverpool,1,1
sutton,2025,E0,2026-01-04,leeds,man_united,2,1
sutton,2025,E0,2026-01-04,man_city,chelsea,3,1
sutton,2025,E0,2026-01-04,newcastle,crystal_palace,3,0
sutton,2025,E0,2026-01-04,tottenham,sunderland,0,0
sutton,2025,E0,2026-01-06,west_ham,nottm_forest,0,1
sutton,2025,E0,2026-01-07,bournemouth,tottenham,1,0
sutton,2025,E0,2026-01-07,brentford,sunderland,1,1
sutton,2025,E0,2026-01-07,burnley,man_united,1,1
sutton,2025,E0,2026-01-07,crystal_palace,aston_villa,1,2
sutton,2025,E0,2026-01-07,everton,wolves,2,1
sutton,2025,E0,2026-01-07,fulham,chelsea,1,2
sutton,2025,E0,2026-01-07,man_city,brighton,3,1
sutton,2025,E0,2026-01-07,newcastle,leeds,2,0
sutton,2025,E0,2026-01-08,arsenal,liverpool,2,0
sutton,2025,E0,2026-01-17,chelsea,brentford,2,1
sutton,2025,E0,2026-01-17,leeds,fulham,1,1
sutton,2025,E0,2026-01-17,liverpool,burnley,2,0
sutton,2025,E0,2026-01-17,man_united,man_city,1,3
sutton,2025,E0,2026-01-17,nottm_forest,arsenal,0,1
sutton,2025,E0,2026-01-17,sunderland,crystal_palace,1,0
sutton,2025,E0,2026-01-17,tottenham,west_ham,1,0
sutton,2025,E0,2026-01-18,aston_villa,everton,2,1
sutton,2025,E0,2026-01-18,wolves,newcastle,1,1
sutton,2025,E0,2026-01-19,brighton,bournemouth,2,2
sutton,2025,E0,2026-01-24,bournemouth,liverpool,1,2
sutton,2025,E0,2026-01-24,burnley,tottenham,0,0
sutton,2025,E0,2026-01-24,fulham,brighton,2,1
sutton,2025,E0,2026-01-24,man_city,wolves,3,1
sutton,2025,E0,2026-01-24,west_ham,sunderland,1,1
sutton,2025,E0,2026-01-25,arsenal,man_united,2,0
sutton,2025,E0,2026-01-25,brentford,nottm_forest,2,1
sutton,2025,E0,2026-01-25,crystal_palace,chelsea,0,1
sutton,2025,E0,2026-01-25,newcastle,aston_villa,2,2
sutton,2025,E0,2026-01-26,everton,leeds,1,1
sutton,2025,E0,2026-01-31,brighton,everton,1,1
sutton,2025,E0,2026-01-31,chelsea,west_ham,2,1
sutton,2025,E0,2026-01-31,leeds,arsenal,0,1
sutton,2025,E0,2026-01-31,liverpool,newcastle,2,1
sutton,2025,E0,2026-01-31,wolves,bournemouth,1,1
sutton,2025,E0,2026-02-01,aston_villa,brentford,2,0
sutton,2025,E0,2026-02-01,man_united,fulham,2,1
sutton,2025,E0,2026-02-01,nottm_forest,crystal_palace,1,0
sutton,2025,E0,2026-02-01,tottenham,man_city,0,2
sutton,2025,E0,2026-02-02,sunderland,burnley,1,0
sutton,2025,E0,2026-02-06,leeds,nottm_forest,2,1
sutton,2025,E0,2026-02-07,arsenal,sunderland,2,0
sutton,2025,E0,2026-02-07,bournemouth,aston_villa,2,1
sutton,2025,E0,2026-02-07,burnley,west_ham,1,1
sutton,2025,E0,2026-02-07,fulham,everton,1,0
sutton,2025,E0,2026-02-07,man_united,tottenham,2,1
sutton,2025,E0,2026-02-07,newcastle,brentford,3,1
sutton,2025,E0,2026-02-07,wolves,chelsea,1,2
sutton,2025,E0,2026-02-08,brighton,crystal_palace,2,0
sutton,2025,E0,2026-02-08,liverpool,man_city,2,2
sutton,2025,E0,2026-02-10,chelsea,leeds,2,0
sutton,2025,E0,2026-02-10,everton,bournemouth,1,2
sutton,2025,E0,2026-02-10,tottenham,newcastle,1,1
sutton,2025,E0,2026-02-10,west_ham,man_united,1,2
sutton,2025,E0,2026-02-11,aston_villa,brighton,3,1
sutton,2025,E0,2026-02-11,crystal_palace,burnley,1,0
sutton,2025,E0,2026-02-11,man_city,fulham,3,1
sutton,2025,E0,2026-02-11,nottm_forest,wolves,2,1
sutton,2025,E0,2026-02-11,sunderland,liverpool,1,1
sutton,2025,E0,2026-02-12,brentford,arsenal,0,2
sutton,2025,E0,2026-02-18,wolves,arsenal,0,0
sutton,2025,E0,2026-02-21,aston_villa,leeds,2,1
sutton,2025,E0,2026-02-21,brentford,brighton,1,0
sutton,2025,E0,2026-02-21,chelsea,burnley,2,0
sutton,2025,E0,2026-02-21,man_city,newcastle,3,1
sutton,2025,E0,2026-02-21,west_ham,bournemouth,1,1
sutton,2025,E0,2026-02-22,crystal_palace,wolves,2,1
sutton,2025,E0,2026-02-22,nottm_forest,liverpool,0,1
sutton,2025,E0,2026-02-22,sunderland,fulham,1,1
sutton,2025,E0,2026-02-22,tottenham,arsenal,0,3
sutton,2025,E0,2026-02-23,everton,man_united,1,1
sutton,2025,E0,2026-02-27,wolves,aston_villa,0,1
sutton,2025,E0,2026-02-28,bournemouth,sunderland,2,0
sutton,2025,E0,2026-02-28,burnley,brentford,0,1
sutton,2025,E0,2026-02-28,leeds,man_city,1,3
sutton,2025,E0,2026-02-28,liverpool,west_ham,2,1
sutton,2025,E0,2026-02-28,newcastle,everton,1,1
sutton,2025,E0,2026-03-01,arsenal,chelsea,2,0
sutton,2025,E0,2026-03-01,brighton,nottm_forest,2,0
sutton,2025,E0,2026-03-01,fulham,tottenham,2,1
sutton,2025,E0,2026-03-01,man_united,crystal_palace,2,0
sutton,2025,E0,2026-03-03,bournemouth,brentford,2,1
sutton,2025,E0,2026-03-03,everton,burnley,2,0
sutton,2025,E0,2026-03-03,leeds,sunderland,1,0
sutton,2025,E0,2026-03-03,wolves,liverpool,1,2
sutton,2025,E0,2026-03-04,aston_villa,chelsea,1,1
sutton,2025,E0,2026-03-04,brighton,arsenal,1,2
sutton,2025,E0,2026-03-04,fulham,west_ham,2,1
sutton,2025,E0,2026-03-04,man_city,nottm_forest,2,0
sutton,2025,E0,2026-03-04,newcastle,man_united,2,2
sutton,2025,E0,2026-03-05,tottenham,crystal_palace,2,1
sutton,2025,E0,2026-03-14,arsenal,everton,2,0
sutton,2025,E0,2026-03-14,burnley,bournemouth,0,2
sutton,2025,E0,2026-03-14,chelsea,newcastle,2,1
sutton,2025,E0,2026-03-14,sunderland,brighton,1,1
sutton,2025,E0,2026-03-14,west_ham,man_city,1,2
sutton,2025,E0,2026-03-15,crystal_palace,leeds,2,2
sutton,2025,E0,2026-03-15,liverpool,tottenham,2,0
sutton,2025,E0,2026-03-15,man_united,aston_villa,2,1
sutton,2025,E0,2026-03-15,nottm_forest,fulham,1,1
sutton,2025,E0,2026-03-16,brentford,wolves,2,1
sutton,2025,E0,2026-03-20,bournemouth,man_united,1,1
sutton,2025,E0,2026-03-21,brighton,liverpool,2,1
sutton,2025,E0,2026-03-21,everton,chelsea,1,1
sutton,2025,E0,2026-03-21,fulham,burnley,2,0
sutton,2025,E0,2026-03-21,leeds,brentford,2,1
sutton,2025,E0,2026-03-22,aston_villa,west_ham,2,1
sutton,2025,E0,2026-03-22,newcastle,sunderland,2,0
sutton,2025,E0,2026-03-22,tottenham,nottm_forest,1,0
sutton,2025,E0,2026-04-10,west_ham,wolves,2,1
sutton,2025,E0,2026-04-11,arsenal,bournemouth,2,0
sutton,2025,E0,2026-04-11,brentford,everton,1,1
sutton,2025,E0,2026-04-11,burnley,brighton,0,1
sutton,2025,E0,2026-04-11,liverpool,fulham,2,2
sutton,2025,E0,2026-04-12,chelsea,man_city,1,2
sutton,2025,E0,2026-04-12,crystal_palace,newcastle,1,1
sutton,2025,E0,2026-04-12,nottm_forest,aston_villa,1,1
sutton,2025,E0,2026-04-12,sunderland,tottenham,1,0
sutton,2025,E0,2026-04-13,man_united,leeds,2,1
sutton,2025,E0,2026-04-18,brentford,fulham,1,1
sutton,2025,E0,2026-04-18,chelsea,man_united,2,1
sutton,2025,E0,2026-04-18,leeds,wolves,2,1
sutton,2025,E0,2026-04-18,newcastle,bournemouth,2,1
sutton,2025,E0,2026-04-18,tottenham,brighton,0,1
sutton,2025,E0,2026-04-19,aston_villa,sunderland,1,0
sutton,2025,E0,2026-04-19,everton,liverpool,1,1
sutton,2025,E0,2026-04-19,man_city,arsenal,1,0
sutton,2025,E0,2026-04-19,nottm_forest,burnley,1,0
sutton,2025,E0,2026-04-20,crystal_palace,west_ham,1,1
sutton,2025,E0,2026-04-21,brighton,chelsea,1,1
sutton,2025,E0,2026-04-22,bournemouth,leeds,2,1
sutton,2025,E0,2026-04-22,burnley,man_city,0,4
sutton,2025,E0,2026-04-24,sunderland,nottm_forest,1,0
sutton,2025,E0,2026-04-25,arsenal,newcastle,2,0
sutton,2025,E0,2026-04-25,fulham,aston_villa,1,1
sutton,2025,E0,2026-04-25,liverpool,crystal_palace,2,1
sutton,2025,E0,2026-04-25,west_ham,everton,1,1
sutton,2025,E0,2026-04-25,wolves,tottenham,0,1
sutton,2025,E0,2026-04-27,man_united,brentford,1,1
sutton,2025,E0,2026-05-01,leeds,burnley,2,0
sutton,2025,E0,2026-05-02,arsenal,fulham,2,0
sutton,2025,E0,2026-05-02,brentford,west_ham,1,1
sutton,2025,E0,2026-05-02,newcastle,brighton,1,2
sutton,2025,E0,2026-05-02,wolves,sunderland,0,1
sutton,2025,E0,2026-05-03,aston_villa,tottenham,2,0
sutton,2025,E0,2026-05-03,bournemouth,crystal_palace,2,1
sutton,2025,E0,2026-05-03,man_united,liverpool,2,2
sutton,2025,E0,2026-05-04,chelsea,nottm_forest,1,1
sutton,2025,E0,2026-05-04,everton,man_city,1,2
sutton,2025,E0,2026-05-09,brighton,wolves,2,0
sutton,2025,E0,2026-05-09,fulham,bournemouth,1,2
sutton,2025,E0,2026-05-09,liverpool,chelsea,2,1
sutton,2025,E0,2026-05-09,man_city,brentford,3,1
sutton,2025,E0,2026-05-09,sunderland,man_united,1,1
sutton,2025,E0,2026-05-10,burnley,aston_villa,0,2
sutton,2025,E0,2026-05-10,crystal_palace,everton,0,1
sutton,2025,E0,2026-05-10,nottm_forest,newcastle,1,1
sutton,2025,E0,2026-05-10,west_ham,arsenal,1,3
sutton,2025,E0,2026-05-11,tottenham,leeds,2,1
sutton,2025,E0,2026-05-13,man_city,crystal_palace,3,0
sutton,2025,E0,2026-05-15,aston_villa,liverpool,1,1
sutton,2025,E0,2026-05-17,brentford,crystal_palace,1,0
sutton,2025,E0,2026-05-17,everton,sunderland,1,0
sutton,2025,E0,2026-05-17,leeds,brighton,1,1
sutton,2025,E0,2026-05-17,man_united,nottm_forest,2,0
sutton,2025,E0,2026-05-17,newcastle,west_ham,1,1
sutton,2025,E0,2026-05-17,wolves,fulham,1,2
sutton,2025,E0,2026-05-18,arsenal,burnley,3,0
sutton,2025,E0,2026-05-19,bournemouth,man_city,0,0
sutton,2025,E0,2026-05-19,chelsea,tottenham,0,0
sutton,2025,E0,2026-05-24,brighton,man_united,2,1
sutton,2025,E0,2026-05-24,burnley,wolves,1,0
sutton,2025,E0,2026-05-24,crystal_palace,arsenal,0,1
sutton,2025,E0,2026-05-24,fulham,newcastle,1,1
sutton,2025,E0,2026-05-24,liverpool,brentford,2,2
sutton,2025,E0,2026-05-24,man_city,aston_villa,4,2
sutton,2025,E0,2026-05-24,nottm_forest,bournemouth,1,2
sutton,2025,E0,2026-05-24,sunderland,chelsea,1,1
sutton,2025,E0,2026-05-24,tottenham,everton,1,2
sutton,2025,E0,2026-05-24,west_ham,leeds,1,1
